{
    "FSRS-5": {
        "RMSE(bins)": 0.08685645640198165,
        "LogLoss": 0.4466784507348206
    },
    "FSRSv4": {
        "RMSE(bins)": 0.08260212042982147,
        "LogLoss": 0.4495951141682288
    },
    "FSRSv3": {
        "RMSE(bins)": 0.07979905273047438,
        "LogLoss": 0.4549290267248705
    },
    "SM16": {
        "RMSE(bins)": 0.09004049085419014,
        "LogLoss": 0.4184812116434929
    },
    "SM17": {
        "RMSE(bins)": 0.06082953969470781,
        "LogLoss": 0.40911199593090947
    },
    "user": "KKKphelps",
    "size": 10380
}