{
    "FSRS-6": {
        "RMSE(bins)": 0.06782805644624,
        "LogLoss": 0.43831828060097644,
        "AUC": 0.5321026218697789
    },
    "FSRS-5": {
        "RMSE(bins)": 0.08078130177004011,
        "LogLoss": 0.4606825128410179,
        "AUC": 0.5296669561375443
    },
    "FSRS-4.5": {
        "RMSE(bins)": 0.07979374295734115,
        "LogLoss": 0.46029427588086874,
        "AUC": 0.5272409314995099
    },
    "FSRSv4": {
        "RMSE(bins)": 0.08800722240624312,
        "LogLoss": 0.46710243463036455,
        "AUC": 0.5278466540721443
    },
    "FSRSv3": {
        "RMSE(bins)": 0.08203322708711892,
        "LogLoss": 0.47086880607882375,
        "AUC": 0.5210557529797726
    },
    "SM16": {
        "RMSE(bins)": 0.09004049085419014,
        "LogLoss": 0.4184812116434929,
        "AUC": 0.5819445396651278
    },
    "SM17": {
        "RMSE(bins)": 0.06082953969470781,
        "LogLoss": 0.40911199593090947,
        "AUC": 0.6044231277074414
    },
    "AVG": {
        "RMSE(bins)": 0.0961621169313249,
        "LogLoss": 0.4258628804751257,
        "AUC": 0.5479983660130718
    },
    "user": "KKKphelps",
    "size": 10380
}