{
    "FSRS-6": {
        "RMSE(bins)": 0.07949737176290327,
        "LogLoss": 0.29476603791494965,
        "AUC": 0.5971171033339708
    },
    "FSRS-5": {
        "RMSE(bins)": 0.1071221150833861,
        "LogLoss": 0.31583550575506275,
        "AUC": 0.5752842481035252
    },
    "FSRS-4.5": {
        "RMSE(bins)": 0.09771360515071198,
        "LogLoss": 0.30804863689796985,
        "AUC": 0.5885528144323324
    },
    "FSRSv4": {
        "RMSE(bins)": 0.1389971330471012,
        "LogLoss": 0.34375076143435496,
        "AUC": 0.5516873844584689
    },
    "FSRSv3": {
        "RMSE(bins)": 0.09364119879876011,
        "LogLoss": 0.3067433285451134,
        "AUC": 0.5763345445273157
    },
    "SM16": {
        "RMSE(bins)": 0.08028764565396042,
        "LogLoss": 0.30796893968444516,
        "AUC": 0.5516233824185632
    },
    "SM17": {
        "RMSE(bins)": 0.04951070034281402,
        "LogLoss": 0.2857662053164479,
        "AUC": 0.6590649582456811
    },
    "AVG": {
        "RMSE(bins)": 0.055325084027438055,
        "LogLoss": 0.28185454502723895,
        "AUC": 0.47559354879836807
    },
    "user": "Hy-Fran",
    "size": 5140
}