{
    "FSRS": {
        "RMSE": 0.3304981859104142,
        "LogLoss": 0.3838403342077677,
        "UniversalMetric": 0.16588606759021376,
        "RMSE(bins)": 0.21326846560036206
    },
    "SM16": {
        "RMSE": 0.2823649553326333,
        "LogLoss": 0.29136565234236333,
        "UniversalMetric": 0.09794762037626786,
        "RMSE(bins)": 0.11511805956087055
    },
    "SM17": {
        "RMSE": 0.27554980675006835,
        "LogLoss": 0.2745870664363899,
        "UniversalMetric": 0.07050925071569464,
        "RMSE(bins)": 0.10569378571279746
    },
    "user": "VSpade7",
    "size": 375
}