{
    "FSRS-6": {
        "RMSE(bins)": 0.1619757805344994,
        "LogLoss": 0.3179955074446204,
        "AUC": 0.4982030992416749
    },
    "FSRS-5": {
        "RMSE(bins)": 0.21592705381693544,
        "LogLoss": 0.3788155768782484,
        "AUC": 0.49818661391361685
    },
    "FSRS-4.5": {
        "RMSE(bins)": 0.20740555277702147,
        "LogLoss": 0.36612817634130224,
        "AUC": 0.5021595779756017
    },
    "FSRSv4": {
        "RMSE(bins)": 0.2742532030812046,
        "LogLoss": 0.46416347422263476,
        "AUC": 0.49022420046158915
    },
    "FSRSv3": {
        "RMSE(bins)": 0.2288717727764428,
        "LogLoss": 0.3900654839371665,
        "AUC": 0.5065117045829212
    },
    "SM16": {
        "RMSE(bins)": 0.13299249522116632,
        "LogLoss": 0.2846341532206854,
        "AUC": 0.6236234751071545
    },
    "SM17": {
        "RMSE(bins)": 0.07972431290679556,
        "LogLoss": 0.24448999498458734,
        "AUC": 0.6023986152324431
    },
    "user": "anonym1",
    "size": 1071
}