{
    "FSRS-4.5": {
        "RMSE(bins)": 0.1253296963607882,
        "LogLoss": 0.7122950694310867
    },
    "FSRSv4": {
        "RMSE(bins)": 0.15568324734796668,
        "LogLoss": 0.7788353827057867
    },
    "FSRSv3": {
        "RMSE(bins)": 0.19266015210205348,
        "LogLoss": 0.822418617176566
    },
    "SM16": {
        "RMSE(bins)": 0.2405453358625146,
        "LogLoss": 0.874938171865501
    },
    "SM17": {
        "RMSE(bins)": 0.19689711204428534,
        "LogLoss": 0.8150247745731314
    },
    "user": "Hansel221",
    "size": 7063
}