{
    "FSRS-4.5": {
        "RMSE": 0.49804051093521534,
        "LogLoss": 0.717947937810758,
        "RMSE(bins)": 0.15367530896335482
    },
    "FSRSv4": {
        "RMSE": 0.5173959115110298,
        "LogLoss": 0.7799772386009839,
        "RMSE(bins)": 0.20084262054590954
    },
    "FSRSv3": {
        "RMSE": 0.5213146321770652,
        "LogLoss": 0.8294607066972265,
        "RMSE(bins)": 0.208706121603551
    },
    "SM16": {
        "RMSE": 0.5330420266814739,
        "LogLoss": 0.874938171865501,
        "RMSE(bins)": 0.23802636403151084
    },
    "SM17": {
        "RMSE": 0.522613187703381,
        "LogLoss": 0.8150247745731314,
        "RMSE(bins)": 0.2162174732538964
    },
    "user": "Hansel221",
    "size": 7063
}