{
    "FSRS": {
        "RMSE": 0.3940234729960137,
        "LogLoss": 0.49019593809578976,
        "UniversalMetric": 0.06594708986320541
    },
    "SM16": {
        "RMSE": 0.40266189233280697,
        "LogLoss": 0.5255545315753065,
        "UniversalMetric": 0.05928120222178054
    },
    "SM17": {
        "RMSE": 0.3993488692691818,
        "LogLoss": 0.5860253051380983,
        "UniversalMetric": 0.06968460849615504
    },
    "user": "Shore3145",
    "size": 3456
}