{
    "FSRS": {
        "RMSE": 0.421408448735408,
        "LogLoss": 0.5445202427780094,
        "UniversalMetric": 0.06991576522059553,
        "RMSE(bins)": 0.10102717017860248
    },
    "SM16": {
        "RMSE": 0.4538591253803948,
        "LogLoss": 0.6682920625461145,
        "UniversalMetric": 0.09898926015879482,
        "RMSE(bins)": 0.17671582291835236
    },
    "SM17": {
        "RMSE": 0.4392092527806011,
        "LogLoss": 0.6842575461418872,
        "UniversalMetric": 0.10254231601271996,
        "RMSE(bins)": 0.15823579396765497
    },
    "user": "Winston",
    "size": 8856
}