{
    "FSRS-5": {
        "RMSE(bins)": 0.12264651321892585,
        "LogLoss": 0.7053146611162333
    },
    "FSRS-4.5": {
        "RMSE(bins)": 0.17009309844959572,
        "LogLoss": 0.801518970883195
    },
    "FSRSv4": {
        "RMSE(bins)": 0.14468839814701326,
        "LogLoss": 0.7435980107130747
    },
    "FSRSv3": {
        "RMSE(bins)": 0.1836559975615971,
        "LogLoss": 0.8071637174437928
    },
    "SM16": {
        "RMSE(bins)": 0.2405453358625146,
        "LogLoss": 0.874938171865501
    },
    "SM17": {
        "RMSE(bins)": 0.19689711204428534,
        "LogLoss": 0.8150247745731314
    },
    "user": "Hansel221",
    "size": 7063
}