{
    "FSRS-6": {
        "RMSE(bins)": 0.061546179332955885,
        "LogLoss": 0.5115944255694811,
        "AUC": 0.7230460173052945
    },
    "FSRS-5": {
        "RMSE(bins)": 0.11020493689293435,
        "LogLoss": 0.544974349268105,
        "AUC": 0.7044071037765227
    },
    "FSRS-4.5": {
        "RMSE(bins)": 0.10711314764103466,
        "LogLoss": 0.5414741553580553,
        "AUC": 0.7066147306582584
    },
    "FSRSv4": {
        "RMSE(bins)": 0.151862876898537,
        "LogLoss": 0.5976226396741081,
        "AUC": 0.6850704100896172
    },
    "FSRSv3": {
        "RMSE(bins)": 0.16230967287501738,
        "LogLoss": 0.8191910227553838,
        "AUC": 0.6738458855460614
    },
    "SM16": {
        "RMSE(bins)": 0.15969534163880444,
        "LogLoss": 0.6682920625461145,
        "AUC": 0.677699270013066
    },
    "SM17": {
        "RMSE(bins)": 0.12974823478796163,
        "LogLoss": 0.6842575461418872,
        "AUC": 0.7181850132335663
    },
    "AVG": {
        "RMSE(bins)": 0.14901503901210394,
        "LogLoss": 0.5737694325404513,
        "AUC": 0.48298611923277635
    },
    "user": "Winston",
    "size": 8856,
    "parameters": {
        "FSRS-6": [
            0.0911,
            3.9272,
            7.8158,
            13.0404,
            8.4248,
            1.0519,
            1.7356,
            0.013,
            1.8952,
            0.7991,
            0.8039,
            1.5326,
            0.0146,
            0.1459,
            2.5319,
            0.3126,
            6.0,
            0.8412,
            0.3179,
            0.0658,
            0.1657
        ],
        "FSRSv3": [
            3.8661,
            5.0,
            4.7563,
            -2.3216,
            -2.3482,
            0.05,
            1.9897,
            -0.2524,
            1.4783,
            1.8344,
            -0.4563,
            0.7593,
            1.7306
        ],
        "FSRSv4": [
            0.8905,
            6.1643,
            9.2731,
            16.6043,
            5.2001,
            2.413,
            2.1953,
            0.0,
            2.7903,
            0.6035,
            1.4292,
            2.1117,
            0.1822,
            0.3738,
            1.5359,
            0.4942,
            3.36
        ],
        "FSRS-4.5": [
            0.4907,
            6.4378,
            10.8033,
            18.6076,
            5.0512,
            2.3188,
            0.4888,
            0.0,
            2.3429,
            0.5984,
            1.3695,
            2.0219,
            0.0872,
            0.2209,
            2.3707,
            0.5122,
            5.7304
        ],
        "FSRS-5": [
            0.4934,
            6.121,
            10.0177,
            20.0918,
            9.4349,
            1.1444,
            3.5592,
            0.001,
            2.2602,
            0.6574,
            1.3277,
            1.7447,
            0.0361,
            0.2071,
            2.7665,
            0.5104,
            5.5192,
            0.0104,
            0.1699
        ]
    }
}