{
    "FSRS-4.5": {
        "RMSE": 0.3386825428899415,
        "LogLoss": 0.38578155865480057,
        "RMSE(bins)": 0.08606911221535955
    },
    "FSRSv4": {
        "RMSE": 0.3423800380799433,
        "LogLoss": 0.39170063825681034,
        "RMSE(bins)": 0.09919807895850728
    },
    "FSRSv3": {
        "RMSE": 0.3482105209148071,
        "LogLoss": 0.40422395483565937,
        "RMSE(bins)": 0.1162307344891447
    },
    "SM16": {
        "RMSE": 0.3446642613146954,
        "LogLoss": 0.4010966514798661,
        "RMSE(bins)": 0.10210173786472443
    },
    "SM17": {
        "RMSE": 0.3569690868756873,
        "LogLoss": 0.42921614355811794,
        "RMSE(bins)": 0.1379328022259952
    },
    "user": "reallyyy",
    "size": 8984
}