{
    "FSRS-5": {
        "RMSE(bins)": 0.05922555377768262,
        "LogLoss": 0.37675562754429825
    },
    "FSRS-4.5": {
        "RMSE(bins)": 0.056434531559609626,
        "LogLoss": 0.37585633804356716
    },
    "FSRSv4": {
        "RMSE(bins)": 0.061192561981813234,
        "LogLoss": 0.38260822763748187
    },
    "FSRSv3": {
        "RMSE(bins)": 0.07972179412789379,
        "LogLoss": 0.4027843961085629
    },
    "SM16": {
        "RMSE(bins)": 0.08978291634488579,
        "LogLoss": 0.41884062365436864
    },
    "SM17": {
        "RMSE(bins)": 0.0782595186244417,
        "LogLoss": 0.4281070535322453
    },
    "user": "LMSherlock",
    "size": 30884
}