{
    "FSRS-5": {
        "RMSE(bins)": 0.05349414937707393,
        "LogLoss": 0.382964960662019
    },
    "FSRS-4.5": {
        "RMSE(bins)": 0.0511177943169805,
        "LogLoss": 0.38158694806468835
    },
    "FSRSv4": {
        "RMSE(bins)": 0.05308454991635159,
        "LogLoss": 0.3869188611212799
    },
    "FSRSv3": {
        "RMSE(bins)": 0.06640117752819759,
        "LogLoss": 0.4068046880500399
    },
    "SM16": {
        "RMSE(bins)": 0.11763002854649963,
        "LogLoss": 0.4397779356535619
    },
    "SM17": {
        "RMSE(bins)": 0.10311454855094063,
        "LogLoss": 0.44297188446976504
    },
    "user": "WolfSlytherin",
    "size": 8163
}