{
    "FSRS-4.5": {
        "RMSE": 0.37830670669725874,
        "LogLoss": 0.4578860419807659,
        "RMSE(bins)": 0.08788874022460458
    },
    "FSRSv4": {
        "RMSE": 0.38627228141860676,
        "LogLoss": 0.4776515597743255,
        "RMSE(bins)": 0.11258566893614519
    },
    "FSRSv3": {
        "RMSE": 0.3910687354148029,
        "LogLoss": 0.5018796499082756,
        "RMSE(bins)": 0.12957800737010167
    },
    "SM16": {
        "RMSE": 0.4029675652875937,
        "LogLoss": 0.5114346200783854,
        "RMSE(bins)": 0.16090640263520395
    },
    "SM17": {
        "RMSE": 0.3939140872125388,
        "LogLoss": 0.522325215873826,
        "RMSE(bins)": 0.1469624084870002
    },
    "user": "NoHeartPen",
    "size": 1493
}