{
    "FSRS-6": {
        "RMSE(bins)": 0.16766297723862061,
        "LogLoss": 0.31344659055385293,
        "AUC": 0.5101302340916585
    },
    "FSRS-5": {
        "RMSE(bins)": 0.25233280905437505,
        "LogLoss": 0.4133519258378332,
        "AUC": 0.5241097922848665
    },
    "FSRS-4.5": {
        "RMSE(bins)": 0.2383492369070639,
        "LogLoss": 0.3943656582544542,
        "AUC": 0.5262611275964391
    },
    "FSRSv4": {
        "RMSE(bins)": 0.3286547544067494,
        "LogLoss": 0.5475927848587385,
        "AUC": 0.5101219914276294
    },
    "FSRSv3": {
        "RMSE(bins)": 0.32354629265051343,
        "LogLoss": 0.5542369332070646,
        "AUC": 0.5068661391361688
    },
    "SM16": {
        "RMSE(bins)": 0.13299249522116632,
        "LogLoss": 0.2846341532206854,
        "AUC": 0.6236234751071545
    },
    "SM17": {
        "RMSE(bins)": 0.07972431290679556,
        "LogLoss": 0.24448999498458734,
        "AUC": 0.6023986152324431
    },
    "AVG": {
        "RMSE(bins)": 0.04784280271182612,
        "LogLoss": 0.2178587454516398,
        "AUC": 0.5064952192548632
    },
    "user": "anonym1",
    "size": 1071
}