{
    "FSRS-4.5": {
        "RMSE": 0.27837999935041713,
        "LogLoss": 0.29141110222357114,
        "RMSE(bins)": 0.07278559521438427
    },
    "FSRSv4": {
        "RMSE": 0.28369102292885734,
        "LogLoss": 0.30226805782752403,
        "RMSE(bins)": 0.09125947380537715
    },
    "FSRSv3": {
        "RMSE": 0.280079262977466,
        "LogLoss": 0.29431339213908336,
        "RMSE(bins)": 0.07592126401418453
    },
    "SM16": {
        "RMSE": 0.2847599255076059,
        "LogLoss": 0.30796893968444516,
        "RMSE(bins)": 0.08873985488782106
    },
    "SM17": {
        "RMSE": 0.2758642270934803,
        "LogLoss": 0.2857662053164479,
        "RMSE(bins)": 0.06690535245024051
    },
    "user": "Hy-Fran",
    "size": 5140
}