{
    "FSRS-6": {
        "RMSE(bins)": 0.045891394130546735,
        "LogLoss": 0.3616436908358946,
        "AUC": 0.6688992182959257
    },
    "FSRS-5": {
        "RMSE(bins)": 0.05997776167321794,
        "LogLoss": 0.37673737391153433,
        "AUC": 0.6538409428026798
    },
    "FSRS-4.5": {
        "RMSE(bins)": 0.056510713106985966,
        "LogLoss": 0.3756028577843193,
        "AUC": 0.656581504390634
    },
    "FSRSv4": {
        "RMSE(bins)": 0.06089938264170666,
        "LogLoss": 0.3826082476330292,
        "AUC": 0.64946198577616
    },
    "FSRSv3": {
        "RMSE(bins)": 0.07996008493980691,
        "LogLoss": 0.4028254221313298,
        "AUC": 0.6268903660121576
    },
    "SM16": {
        "RMSE(bins)": 0.08978291634488579,
        "LogLoss": 0.41884062365436864,
        "AUC": 0.6069463589641556
    },
    "SM17": {
        "RMSE(bins)": 0.0782595186244417,
        "LogLoss": 0.4281070535322453,
        "AUC": 0.6474313197018894
    },
    "user": "LMSherlock",
    "size": 30884
}