{
    "FSRSv4": {
        "RMSE": 0.32624951735743857,
        "LogLoss": 0.36211238830629666,
        "RMSE(bins)": 0.0812238776119486
    },
    "FSRSv3": {
        "RMSE": 0.3412421710068451,
        "LogLoss": 0.3943312076702935,
        "RMSE(bins)": 0.12269935384557251
    },
    "SM16": {
        "RMSE": 0.35017764891991143,
        "LogLoss": 0.41674676470797933,
        "RMSE(bins)": 0.14149528151409904
    },
    "SM17": {
        "RMSE": 0.34273525807126887,
        "LogLoss": 0.4141360099698678,
        "RMSE(bins)": 0.1245314692432101
    },
    "user": "nocturne2014",
    "size": 35557
}