{
    "FSRS-6": {
        "RMSE(bins)": 0.12831440773881955,
        "LogLoss": 0.5619899986895809,
        "AUC": 0.66580890579548
    },
    "FSRS-5": {
        "RMSE(bins)": 0.20179685440410453,
        "LogLoss": 0.644956647325364,
        "AUC": 0.6227343924815396
    },
    "FSRS-4.5": {
        "RMSE(bins)": 0.19051852961614518,
        "LogLoss": 0.6358253592058702,
        "AUC": 0.6184828820765272
    },
    "FSRSv4": {
        "RMSE(bins)": 0.2590533273226126,
        "LogLoss": 0.7207039977598506,
        "AUC": 0.62564332065339
    },
    "FSRSv3": {
        "RMSE(bins)": 0.244324236342389,
        "LogLoss": 0.8177951550454331,
        "AUC": 0.6207205191317968
    },
    "SM16": {
        "RMSE(bins)": 0.22854203862574263,
        "LogLoss": 0.786498636080741,
        "AUC": 0.6060639964197807
    },
    "SM17": {
        "RMSE(bins)": 0.2290832545802956,
        "LogLoss": 0.8452983440899096,
        "AUC": 0.6216155739539047
    },
    "user": "gracefeng",
    "size": 150
}