{
    "FSRS-4.5": {
        "RMSE": 0.4975624887201214,
        "LogLoss": 0.7091723571785822,
        "RMSE(bins)": 0.15571412798487974
    },
    "FSRSv3": {
        "RMSE": 0.5170029309939507,
        "LogLoss": 0.816387405647618,
        "RMSE(bins)": 0.1988377947858074
    },
    "SM16": {
        "RMSE": 0.5330420266814739,
        "LogLoss": 0.874938171865501,
        "RMSE(bins)": 0.23802636403151084
    },
    "SM17": {
        "RMSE": 0.522613187703381,
        "LogLoss": 0.8150247745731314,
        "RMSE(bins)": 0.2162174732538964
    },
    "user": "Hansel221",
    "size": 7063
}