{
    "FSRS-4.5": {
        "RMSE(bins)": 0.05145594415479862,
        "LogLoss": 0.36827794717266615
    },
    "FSRSv4": {
        "RMSE(bins)": 0.05847899933953415,
        "LogLoss": 0.3728264508700374
    },
    "FSRSv3": {
        "RMSE(bins)": 0.057021228442144044,
        "LogLoss": 0.3770110876333196
    },
    "SM16": {
        "RMSE(bins)": 0.07256873158392757,
        "LogLoss": 0.3967420922056975
    },
    "SM17": {
        "RMSE(bins)": 0.07369271012542368,
        "LogLoss": 0.41465827598918464
    },
    "user": "anonym2",
    "size": 6044
}