{
    "FSRS-5": {
        "RMSE(bins)": 0.20179686559359603,
        "LogLoss": 0.6449566614485941
    },
    "FSRS-4.5": {
        "RMSE(bins)": 0.1905185340324607,
        "LogLoss": 0.6358253612315212
    },
    "FSRSv4": {
        "RMSE(bins)": 0.25905333083168747,
        "LogLoss": 0.7207040024030436
    },
    "FSRSv3": {
        "RMSE(bins)": 0.2443242367869595,
        "LogLoss": 0.8177951370257298
    },
    "SM16": {
        "RMSE(bins)": 0.22854203862574263,
        "LogLoss": 0.786498636080741
    },
    "SM17": {
        "RMSE(bins)": 0.2290832545802956,
        "LogLoss": 0.8452983440899096
    },
    "user": "gracefeng",
    "size": 150
}