{
    "FSRS-6": {
        "RMSE(bins)": 0.08638825194412392,
        "LogLoss": 0.657008736781708,
        "AUC": 0.5880969856870478
    },
    "FSRS-5": {
        "RMSE(bins)": 0.13286270457475902,
        "LogLoss": 0.7037568064773871,
        "AUC": 0.5706336487486179
    },
    "FSRS-4.5": {
        "RMSE(bins)": 0.13248246734535768,
        "LogLoss": 0.7051021722228532,
        "AUC": 0.5679312721714757
    },
    "FSRSv4": {
        "RMSE(bins)": 0.16512742302894762,
        "LogLoss": 0.7521351822353189,
        "AUC": 0.5536274335059468
    },
    "FSRSv3": {
        "RMSE(bins)": 0.204033790186598,
        "LogLoss": 0.9099448330844284,
        "AUC": 0.5114260269048518
    },
    "SM16": {
        "RMSE(bins)": 0.2405453358625146,
        "LogLoss": 0.874938171865501,
        "AUC": 0.5314965304669222
    },
    "SM17": {
        "RMSE(bins)": 0.10839472371065677,
        "LogLoss": 0.7361496911158755,
        "AUC": 0.5919333815999164
    },
    "AVG": {
        "RMSE(bins)": 0.11280896226430966,
        "LogLoss": 0.665368279042683,
        "AUC": 0.4567699929072309
    },
    "user": "Hansel221",
    "size": 7063,
    "parameters": {
        "FSRS-6": [
            0.1098,
            0.5283,
            1.466,
            7.5342,
            7.5071,
            0.6696,
            1.1768,
            0.0918,
            1.338,
            0.3904,
            0.2531,
            1.1767,
            0.0966,
            0.0736,
            2.3133,
            0.4448,
            3.6331,
            0.3522,
            0.0,
            0.0658,
            0.1
        ],
        "FSRSv3": [
            2.2775,
            4.4149,
            4.0844,
            -0.103,
            -0.6244,
            0.1133,
            1.1289,
            -0.5578,
            0.4949,
            1.8346,
            -0.6236,
            0.1458,
            0.4069
        ],
        "FSRSv4": [
            1.0051,
            3.0643,
            5.0564,
            10.9451,
            5.3632,
            1.2417,
            0.5672,
            0.1532,
            1.067,
            0.5397,
            0.6628,
            2.3823,
            0.01,
            0.1168,
            1.9286,
            0.6808,
            4.0
        ],
        "FSRS-4.5": [
            0.7124,
            3.0507,
            6.0698,
            13.5741,
            5.485,
            1.3074,
            0.5435,
            0.1483,
            1.1233,
            0.5391,
            0.5914,
            2.1572,
            0.01,
            0.0938,
            2.2836,
            0.6773,
            4.3172
        ],
        "FSRS-5": [
            0.7074,
            2.9085,
            5.6416,
            15.3517,
            7.7666,
            0.5557,
            1.1329,
            0.0398,
            1.0446,
            0.4276,
            0.5858,
            1.9998,
            0.001,
            0.0972,
            2.3802,
            0.6435,
            4.2209,
            0.0013,
            0.2825
        ]
    }
}