{
    "FSRS-4.5": {
        "RMSE": 0.3776418582115794,
        "LogLoss": 0.4550969916726336,
        "RMSE(bins)": 0.0838479535932778
    },
    "FSRSv3": {
        "RMSE": 0.3855709799858409,
        "LogLoss": 0.48763971899200564,
        "RMSE(bins)": 0.12259774924475485
    },
    "SM16": {
        "RMSE": 0.4029675652875937,
        "LogLoss": 0.5114346200783854,
        "RMSE(bins)": 0.16090640263520395
    },
    "SM17": {
        "RMSE": 0.3939140872125388,
        "LogLoss": 0.522325215873826,
        "RMSE(bins)": 0.1469624084870002
    },
    "user": "NoHeartPen",
    "size": 1493
}