{
    "FSRS-6": {
        "RMSE(bins)": 0.08638825194412392,
        "LogLoss": 0.657008736781708,
        "AUC": 0.5880969856870478
    },
    "FSRS-5": {
        "RMSE(bins)": 0.13286270457475902,
        "LogLoss": 0.7037568064773871,
        "AUC": 0.5706336487486179
    },
    "FSRS-4.5": {
        "RMSE(bins)": 0.13248246734535768,
        "LogLoss": 0.7051021722228532,
        "AUC": 0.5679312721714757
    },
    "FSRSv4": {
        "RMSE(bins)": 0.16512742302894762,
        "LogLoss": 0.7521351822353189,
        "AUC": 0.5536274335059468
    },
    "FSRSv3": {
        "RMSE(bins)": 0.204033790186598,
        "LogLoss": 0.9099448330844284,
        "AUC": 0.5114260269048518
    },
    "SM16": {
        "RMSE(bins)": 0.2405453358625146,
        "LogLoss": 0.874938171865501,
        "AUC": 0.5314965304669222
    },
    "SM17": {
        "RMSE(bins)": 0.19689711204428534,
        "LogLoss": 0.8150247745731314,
        "AUC": 0.5293633104917075
    },
    "AVG": {
        "RMSE(bins)": 0.11280896226430966,
        "LogLoss": 0.665368279042683,
        "AUC": 0.4567699929072309
    },
    "user": "Hansel221",
    "size": 7063
}