{
    "FSRS-4.5": {
        "RMSE": 0.3298780086215726,
        "LogLoss": 0.3675907270520856,
        "RMSE(bins)": 0.03297649758848838
    },
    "FSRSv4": {
        "RMSE": 0.3329476185967833,
        "LogLoss": 0.37430298056590533,
        "RMSE(bins)": 0.050605217700669496
    },
    "FSRSv3": {
        "RMSE": 0.33639998330699483,
        "LogLoss": 0.38249953204479836,
        "RMSE(bins)": 0.06323491231091866
    },
    "SM16": {
        "RMSE": 0.3391512933314059,
        "LogLoss": 0.3967420922056975,
        "RMSE(bins)": 0.06913568914938156
    },
    "SM17": {
        "RMSE": 0.3415475665822446,
        "LogLoss": 0.41465827598918464,
        "RMSE(bins)": 0.0661902579918004
    },
    "user": "anonym2",
    "size": 6044
}