{
    "FSRSv4": {
        "RMSE": 0.42235543719548924,
        "LogLoss": 0.5463690980464168,
        "RMSE(bins)": 0.10233520288845001
    },
    "FSRSv3": {
        "RMSE": 0.44038318826298817,
        "LogLoss": 0.629614226740107,
        "RMSE(bins)": 0.1468245690822875
    },
    "SM16": {
        "RMSE": 0.4538591253803948,
        "LogLoss": 0.6682920625461145,
        "RMSE(bins)": 0.17671582291835236
    },
    "SM17": {
        "RMSE": 0.4392092527806011,
        "LogLoss": 0.6842575461418872,
        "RMSE(bins)": 0.15823579396765497
    },
    "user": "Winston",
    "size": 8856
}