{
    "FSRS-6": {
        "RMSE(bins)": 0.06972386175136647,
        "LogLoss": 0.4696143282704507
    },
    "FSRS-5": {
        "RMSE(bins)": 0.09981365355730833,
        "LogLoss": 0.49292885403719144
    },
    "FSRS-4.5": {
        "RMSE(bins)": 0.08807621993176662,
        "LogLoss": 0.4847820053452349
    },
    "FSRSv4": {
        "RMSE(bins)": 0.1156229678949333,
        "LogLoss": 0.510217285463932
    },
    "FSRSv3": {
        "RMSE(bins)": 0.11070304857620804,
        "LogLoss": 0.5182866880808467
    },
    "SM16": {
        "RMSE(bins)": 0.1044652647525207,
        "LogLoss": 0.5255545315753065
    },
    "SM17": {
        "RMSE(bins)": 0.09330015922582868,
        "LogLoss": 0.5354433066833889
    },
    "user": "Shore3145",
    "size": 3456
}