{
    "FSRS-5": {
        "RMSE(bins)": 0.07864583128881658,
        "LogLoss": 0.5253277849802783
    },
    "FSRS-4.5": {
        "RMSE(bins)": 0.07905779620050654,
        "LogLoss": 0.5239691924754392
    },
    "FSRSv4": {
        "RMSE(bins)": 0.10324782642533004,
        "LogLoss": 0.5509805517996502
    },
    "FSRSv3": {
        "RMSE(bins)": 0.12221873712110724,
        "LogLoss": 0.6171059824202265
    },
    "SM16": {
        "RMSE(bins)": 0.15969534163880444,
        "LogLoss": 0.6682920625461145
    },
    "SM17": {
        "RMSE(bins)": 0.12974823478796163,
        "LogLoss": 0.6842575461418872
    },
    "user": "Winston",
    "size": 8856
}