{
    "FSRS-5": {
        "RMSE(bins)": 0.10042980803687702,
        "LogLoss": 0.49216976490875264
    },
    "FSRS-4.5": {
        "RMSE(bins)": 0.08799808283298735,
        "LogLoss": 0.48443796833388314
    },
    "FSRSv4": {
        "RMSE(bins)": 0.11405907118003529,
        "LogLoss": 0.5094620094117304
    },
    "FSRSv3": {
        "RMSE(bins)": 0.1104338441861662,
        "LogLoss": 0.5183998964043335
    },
    "SM16": {
        "RMSE(bins)": 0.1044652647525207,
        "LogLoss": 0.5255545315753065
    },
    "SM17": {
        "RMSE(bins)": 0.09330015922582868,
        "LogLoss": 0.5354433066833889
    },
    "user": "Shore3145",
    "size": 3456
}