{
    "FSRS-5": {
        "RMSE(bins)": 0.1851432172249773,
        "LogLoss": 0.3567346018400276
    },
    "FSRS-4.5": {
        "RMSE(bins)": 0.17399610486703443,
        "LogLoss": 0.3426692658544466
    },
    "FSRSv4": {
        "RMSE(bins)": 0.2326353301392005,
        "LogLoss": 0.40570369431410747
    },
    "FSRSv3": {
        "RMSE(bins)": 0.15892020209406021,
        "LogLoss": 0.3260371437012002
    },
    "SM16": {
        "RMSE(bins)": 0.12029603469023295,
        "LogLoss": 0.29136565234236333
    },
    "SM17": {
        "RMSE(bins)": 0.0921815087430627,
        "LogLoss": 0.2745870664363899
    },
    "user": "VSpade7",
    "size": 375
}