{
    "FSRS-4.5": {
        "RMSE": 0.32978304357776445,
        "LogLoss": 0.3763343570807164,
        "RMSE(bins)": 0.06026309726172449
    },
    "FSRSv4": {
        "RMSE": 0.33277797054989267,
        "LogLoss": 0.38285824611033603,
        "RMSE(bins)": 0.07283190415934035
    },
    "FSRSv3": {
        "RMSE": 0.3418731773003919,
        "LogLoss": 0.40496824658135666,
        "RMSE(bins)": 0.09992012448382843
    },
    "SM16": {
        "RMSE": 0.35049174320024673,
        "LogLoss": 0.41884062365436864,
        "RMSE(bins)": 0.12361124785364068
    },
    "SM17": {
        "RMSE": 0.35330189157407577,
        "LogLoss": 0.4281070535322453,
        "RMSE(bins)": 0.13743594549806337
    },
    "user": "LMSherlock",
    "size": 30884
}