{
    "FSRS-5": {
        "RMSE(bins)": 0.0569282491285778,
        "LogLoss": 0.40955770881194925
    },
    "FSRS-4.5": {
        "RMSE(bins)": 0.057702001188533907,
        "LogLoss": 0.4093487220290105
    },
    "FSRSv4": {
        "RMSE(bins)": 0.06389659781422852,
        "LogLoss": 0.41428394123009826
    },
    "FSRSv3": {
        "RMSE(bins)": 0.07944230088149583,
        "LogLoss": 0.4239008966397556
    },
    "SM16": {
        "RMSE(bins)": 0.08538488518726732,
        "LogLoss": 0.43212621616946734
    },
    "SM17": {
        "RMSE(bins)": 0.06643489306786703,
        "LogLoss": 0.4306079454433818
    },
    "user": "shisuu",
    "size": 21390
}