{
    "FSRS-6": {
        "RMSE(bins)": 0.08133471964492625,
        "LogLoss": 0.6430314313139787,
        "AUC": 0.6078800191594149
    },
    "FSRS-5": {
        "RMSE(bins)": 0.12317558974345594,
        "LogLoss": 0.7038934268739603,
        "AUC": 0.569547650631961
    },
    "FSRS-4.5": {
        "RMSE(bins)": 0.1698177943413413,
        "LogLoss": 0.7996455151119801,
        "AUC": 0.5708788373817498
    },
    "FSRSv4": {
        "RMSE(bins)": 0.14604911362417067,
        "LogLoss": 0.7445180438253888,
        "AUC": 0.5508408883504905
    },
    "FSRSv3": {
        "RMSE(bins)": 0.18458907877763597,
        "LogLoss": 0.8073788840118103,
        "AUC": 0.5282871707457537
    },
    "SM16": {
        "RMSE(bins)": 0.2405453358625146,
        "LogLoss": 0.874938171865501,
        "AUC": 0.5314965304669222
    },
    "SM17": {
        "RMSE(bins)": 0.10839472371065677,
        "LogLoss": 0.7361496911158755,
        "AUC": 0.5919333815999164
    },
    "AVG": {
        "RMSE(bins)": 0.0978407718359095,
        "LogLoss": 0.6508320311384063,
        "AUC": 0.5115583919621592
    },
    "user": "Hansel221",
    "size": 7063
}