{
    "FSRS-6": {
        "RMSE(bins)": 0.04577836764501051,
        "LogLoss": 0.37915126278310046,
        "AUC": 0.7639122318282141
    },
    "FSRS-5": {
        "RMSE(bins)": 0.05341473699156597,
        "LogLoss": 0.382575784220458,
        "AUC": 0.7622657699433137
    },
    "FSRS-4.5": {
        "RMSE(bins)": 0.051222694003229714,
        "LogLoss": 0.3814843151866048,
        "AUC": 0.7622735242548218
    },
    "FSRSv4": {
        "RMSE(bins)": 0.053374658486563295,
        "LogLoss": 0.38647200947409566,
        "AUC": 0.7622318725244361
    },
    "FSRSv3": {
        "RMSE(bins)": 0.06587434044687057,
        "LogLoss": 0.4065390518794798,
        "AUC": 0.7474890985457786
    },
    "SM16": {
        "RMSE(bins)": 0.11763002854649963,
        "LogLoss": 0.4397779356535619,
        "AUC": 0.6528177617157677
    },
    "SM17": {
        "RMSE(bins)": 0.10311454855094063,
        "LogLoss": 0.44297188446976504,
        "AUC": 0.6265761192019351
    },
    "user": "WolfSlytherin",
    "size": 8163
}