{
    "FSRS-6": {
        "RMSE(bins)": 0.06972386175136647,
        "LogLoss": 0.4696143282704507,
        "AUC": 0.6597454981863584
    },
    "FSRS-5": {
        "RMSE(bins)": 0.09981365355730833,
        "LogLoss": 0.49292885403719144,
        "AUC": 0.6389427061470072
    },
    "FSRS-4.5": {
        "RMSE(bins)": 0.08807621993176662,
        "LogLoss": 0.4847820053452349,
        "AUC": 0.6470475852196282
    },
    "FSRSv4": {
        "RMSE(bins)": 0.1156229678949333,
        "LogLoss": 0.510217285463932,
        "AUC": 0.6293718449632428
    },
    "FSRSv3": {
        "RMSE(bins)": 0.11070304857620804,
        "LogLoss": 0.5182866880808467,
        "AUC": 0.6268257504816644
    },
    "SM16": {
        "RMSE(bins)": 0.1044652647525207,
        "LogLoss": 0.5255545315753065,
        "AUC": 0.6156893452592377
    },
    "SM17": {
        "RMSE(bins)": 0.09330015922582868,
        "LogLoss": 0.5354433066833889,
        "AUC": 0.6459653201588685
    },
    "user": "Shore3145",
    "size": 3456
}