{
    "FSRSv4": {
        "RMSE": 0.35050535138631334,
        "LogLoss": 0.4486258556712301,
        "RMSE(bins)": 0.0908522582124769
    },
    "FSRSv3": {
        "RMSE": 0.3505886318358735,
        "LogLoss": 0.4542577298348289,
        "RMSE(bins)": 0.09197933016299735
    },
    "SM16": {
        "RMSE": 0.3504324175744741,
        "LogLoss": 0.4184812116434929,
        "RMSE(bins)": 0.08803733688111492
    },
    "SM17": {
        "RMSE": 0.34189923852848575,
        "LogLoss": 0.40911199593090947,
        "RMSE(bins)": 0.05194283738097076
    },
    "user": "KKKphelps",
    "size": 10380
}