{
    "FSRS-5": {
        "RMSE(bins)": 0.0878223133040684,
        "LogLoss": 0.4428692809721897
    },
    "FSRS-4.5": {
        "RMSE(bins)": 0.08374704983427755,
        "LogLoss": 0.44271904126632355
    },
    "FSRSv4": {
        "RMSE(bins)": 0.08423976951980595,
        "LogLoss": 0.4455634768452077
    },
    "FSRSv3": {
        "RMSE(bins)": 0.08156729143948845,
        "LogLoss": 0.45163201747885423
    },
    "SM16": {
        "RMSE(bins)": 0.09004049085419014,
        "LogLoss": 0.4184812116434929
    },
    "SM17": {
        "RMSE(bins)": 0.06082953969470781,
        "LogLoss": 0.40911199593090947
    },
    "user": "KKKphelps",
    "size": 10380
}