{
    "FSRS-6": {
        "RMSE(bins)": 0.04402095595077261,
        "LogLoss": 0.40400769773953693,
        "AUC": 0.6381946833406755
    },
    "FSRS-5": {
        "RMSE(bins)": 0.07169402653471764,
        "LogLoss": 0.4194801710613628,
        "AUC": 0.6288252283230896
    },
    "FSRS-4.5": {
        "RMSE(bins)": 0.07226854904450591,
        "LogLoss": 0.41936548209953295,
        "AUC": 0.6283601795969287
    },
    "FSRSv4": {
        "RMSE(bins)": 0.08849242041208372,
        "LogLoss": 0.42920721799077555,
        "AUC": 0.6260289341468438
    },
    "FSRSv3": {
        "RMSE(bins)": 0.10564355296704013,
        "LogLoss": 0.45016124943629426,
        "AUC": 0.6074752984275023
    },
    "SM16": {
        "RMSE(bins)": 0.085386067724276,
        "LogLoss": 0.43210601485974964,
        "AUC": 0.6049265990683137
    },
    "SM17": {
        "RMSE(bins)": 0.0900963516893032,
        "LogLoss": 0.4870567137839511,
        "AUC": 0.5624262404530213
    },
    "AVG": {
        "RMSE(bins)": 0.08452733315025263,
        "LogLoss": 0.42582250022537743,
        "AUC": 0.5454591324965139
    },
    "user": "shisuu",
    "size": 21391,
    "parameters": {
        "FSRS-6": [
            0.1821,
            2.7362,
            8.4903,
            12.7248,
            6.1316,
            1.0567,
            1.6849,
            0.001,
            2.3782,
            0.5489,
            0.8492,
            1.9608,
            0.001,
            0.3365,
            1.5635,
            0.2416,
            1.0,
            0.5807,
            0.0,
            0.0658,
            0.1
        ],
        "FSRSv3": [
            0.6459,
            5.0,
            2.9151,
            -3.4276,
            -0.9236,
            0.1011,
            1.9991,
            -0.659,
            1.4987,
            1.7046,
            -0.2946,
            0.2109,
            0.01
        ],
        "FSRSv4": [
            0.5532,
            5.8354,
            12.7209,
            20.4475,
            4.3941,
            1.9748,
            0.3667,
            0.038,
            2.3998,
            0.5551,
            1.1049,
            3.5669,
            0.01,
            0.2047,
            1.6505,
            0.3518,
            1.2501
        ],
        "FSRS-4.5": [
            0.4785,
            4.6849,
            12.2871,
            21.0361,
            4.5939,
            1.7478,
            0.3266,
            0.008,
            2.394,
            0.5385,
            1.1198,
            3.3538,
            0.01,
            0.2179,
            1.8297,
            0.3133,
            1.1103
        ],
        "FSRS-5": [
            0.4742,
            4.8113,
            11.9857,
            21.8623,
            7.1231,
            1.1004,
            1.587,
            0.001,
            2.2569,
            0.4869,
            0.9511,
            3.1112,
            0.001,
            0.2347,
            1.6431,
            0.3238,
            1.0324,
            0.0965,
            0.2153
        ]
    }
}