{
    "FSRS": {
        "RMSE": 0.3304981859104142,
        "LogLoss": 0.3838403342077677,
        "UniversalMetric": 0.16054894461318173
    },
    "SM16": {
        "RMSE": 0.2823649553326333,
        "LogLoss": 0.29136565234236333,
        "UniversalMetric": 0.09717368148019645
    },
    "SM17": {
        "RMSE": 0.27554980675006835,
        "LogLoss": 0.2745870664363899,
        "UniversalMetric": 0.06547286085292328
    },
    "user": "VSpade7",
    "size": 375
}