{
    "FSRS-6": {
        "RMSE(bins)": 0.059842323220828074,
        "LogLoss": 0.3682598087457777,
        "AUC": 0.6511663837292416
    },
    "FSRS-5": {
        "RMSE(bins)": 0.08122833709693868,
        "LogLoss": 0.39107584217179153,
        "AUC": 0.6440044407190095
    },
    "FSRS-4.5": {
        "RMSE(bins)": 0.08296412422562517,
        "LogLoss": 0.39222442183801975,
        "AUC": 0.6426155831531322
    },
    "FSRSv4": {
        "RMSE(bins)": 0.10039926189574916,
        "LogLoss": 0.4144870967078412,
        "AUC": 0.6310202001561431
    },
    "FSRSv3": {
        "RMSE(bins)": 0.11743325584029467,
        "LogLoss": 0.4580261423784838,
        "AUC": 0.6125904969506142
    },
    "SM16": {
        "RMSE(bins)": 0.08978291634488579,
        "LogLoss": 0.41884062365436864,
        "AUC": 0.6069463589641556
    },
    "SM17": {
        "RMSE(bins)": 0.0782595186244417,
        "LogLoss": 0.4281070535322453,
        "AUC": 0.6474313197018894
    },
    "AVG": {
        "RMSE(bins)": 0.07850246016537547,
        "LogLoss": 0.3813165957869783,
        "AUC": 0.524755064225021
    },
    "user": "LMSherlock",
    "size": 30884,
    "parameters": {
        "FSRS-6": [
            1.2524,
            8.5841,
            15.5187,
            36.6599,
            1.0,
            1.3994,
            2.4673,
            0.3961,
            1.3157,
            0.4655,
            0.1484,
            2.1918,
            0.001,
            0.206,
            0.9021,
            0.0,
            4.1528,
            1.2636,
            0.9165,
            0.0658,
            0.1
        ],
        "FSRSv3": [
            10.0,
            5.0,
            4.7315,
            -2.1298,
            -1.8601,
            0.05,
            1.9884,
            -0.4501,
            1.4477,
            2.9364,
            -0.0103,
            0.2636,
            0.1086
        ],
        "FSRSv4": [
            3.9725,
            16.3784,
            24.0364,
            39.7829,
            3.053,
            2.4134,
            1.8346,
            0.0,
            2.9562,
            0.796,
            0.8533,
            4.8945,
            0.01,
            0.2164,
            0.062,
            0.1942,
            3.0356
        ],
        "FSRS-4.5": [
            3.0412,
            15.612,
            23.4238,
            41.485,
            3.6732,
            2.1567,
            1.6962,
            0.0,
            3.0475,
            0.7968,
            0.6433,
            4.5449,
            0.01,
            0.1925,
            0.0684,
            0.1168,
            3.1003
        ],
        "FSRS-5": [
            3.0679,
            15.3799,
            22.9292,
            42.0276,
            9.0832,
            0.9327,
            3.8193,
            0.001,
            3.4086,
            0.7963,
            0.5896,
            4.5385,
            0.001,
            0.1907,
            0.0817,
            0.0964,
            3.1184,
            0.0677,
            0.2836
        ]
    }
}