{
    "FSRS-4.5": {
        "RMSE(bins)": 0.05861411520214536,
        "LogLoss": 0.3767971836809021
    },
    "FSRSv4": {
        "RMSE(bins)": 0.063731343159586,
        "LogLoss": 0.38376253684796185
    },
    "FSRSv3": {
        "RMSE(bins)": 0.08119682308258866,
        "LogLoss": 0.4047877797147172
    },
    "SM16": {
        "RMSE(bins)": 0.08978291634488579,
        "LogLoss": 0.41884062365436864
    },
    "SM17": {
        "RMSE(bins)": 0.0782595186244417,
        "LogLoss": 0.4281070535322453
    },
    "user": "LMSherlock",
    "size": 30884
}