{
    "FSRS": {
        "RMSE": 0.3295109205230322,
        "LogLoss": 0.37493111821781505,
        "UniversalMetric": 0.1649037563682583,
        "RMSE(bins)": 0.23854105894216787
    },
    "SM16": {
        "RMSE": 0.2740520219550084,
        "LogLoss": 0.2846341532206854,
        "UniversalMetric": 0.12742601707959839,
        "RMSE(bins)": 0.15742925177179387
    },
    "SM17": {
        "RMSE": 0.2453470873625993,
        "LogLoss": 0.24448999498458734,
        "UniversalMetric": 0.061737196772426756,
        "RMSE(bins)": 0.10433062734814336
    },
    "user": "anonym1",
    "size": 1071
}