{
    "FSRS-6": {
        "RMSE(bins)": 0.04324326051559414,
        "LogLoss": 0.34168462478490813,
        "AUC": 0.6835126650973886
    },
    "FSRS-5": {
        "RMSE(bins)": 0.06540675474037555,
        "LogLoss": 0.35417780812267957,
        "AUC": 0.6677739050959794
    },
    "FSRS-4.5": {
        "RMSE(bins)": 0.055993046236790085,
        "LogLoss": 0.3520843878067789,
        "AUC": 0.6732428232611185
    },
    "FSRSv4": {
        "RMSE(bins)": 0.06170775014629685,
        "LogLoss": 0.357626898080966,
        "AUC": 0.6683808774601829
    },
    "FSRSv3": {
        "RMSE(bins)": 0.09181155792612104,
        "LogLoss": 0.3793144555471348,
        "AUC": 0.6414988184000439
    },
    "SM16": {
        "RMSE(bins)": 0.10811298363474091,
        "LogLoss": 0.41674676470797933,
        "AUC": 0.5897869954841342
    },
    "SM17": {
        "RMSE(bins)": 0.08975087106336656,
        "LogLoss": 0.4141360099698678,
        "AUC": 0.6034049511469155
    },
    "user": "nocturne2014",
    "size": 35557
}