{
    "FSRS-6": {
        "RMSE(bins)": 0.04878200498005817,
        "LogLoss": 0.3473597343207342,
        "AUC": 0.6659450901267183
    },
    "FSRS-5": {
        "RMSE(bins)": 0.0808669022345441,
        "LogLoss": 0.36946524510078144,
        "AUC": 0.6531300053649257
    },
    "FSRS-4.5": {
        "RMSE(bins)": 0.08137291944450621,
        "LogLoss": 0.37004454553517735,
        "AUC": 0.6507378617891368
    },
    "FSRSv4": {
        "RMSE(bins)": 0.10031442851356288,
        "LogLoss": 0.39008937282757306,
        "AUC": 0.6437369647942638
    },
    "FSRSv3": {
        "RMSE(bins)": 0.13227929791091994,
        "LogLoss": 0.440735870271122,
        "AUC": 0.6201322696511611
    },
    "SM16": {
        "RMSE(bins)": 0.10811298363474091,
        "LogLoss": 0.41674676470797933,
        "AUC": 0.5897869954841342
    },
    "SM17": {
        "RMSE(bins)": 0.08975087106336656,
        "LogLoss": 0.4141360099698678,
        "AUC": 0.6034049511469155
    },
    "AVG": {
        "RMSE(bins)": 0.07314030479425612,
        "LogLoss": 0.36835060174617007,
        "AUC": 0.5441400988969375
    },
    "user": "nocturne2014",
    "size": 35557
}