{
    "FSRS-4.5": {
        "RMSE": 0.3314487357883301,
        "LogLoss": 0.3758044627945619,
        "RMSE(bins)": 0.24044179486737
    },
    "FSRSv4": {
        "RMSE": 0.3908746461842208,
        "LogLoss": 0.47109550525886507,
        "RMSE(bins)": 0.3172523817562888
    },
    "FSRSv3": {
        "RMSE": 0.37698855901144707,
        "LogLoss": 0.4461019940154842,
        "RMSE(bins)": 0.3005151179401628
    },
    "SM16": {
        "RMSE": 0.2740520219550084,
        "LogLoss": 0.2846341532206854,
        "RMSE(bins)": 0.15742925177179387
    },
    "SM17": {
        "RMSE": 0.2453470873625993,
        "LogLoss": 0.24448999498458734,
        "RMSE(bins)": 0.10433062734814336
    },
    "user": "anonym1",
    "size": 1071
}