{
    "FSRS-5": {
        "RMSE(bins)": 0.0569282491285778,
        "LogLoss": 0.40955770881194925
    },
    "FSRSv4": {
        "RMSE(bins)": 0.06860111914329346,
        "LogLoss": 0.4179656160076877
    },
    "FSRSv3": {
        "RMSE(bins)": 0.08255341366830592,
        "LogLoss": 0.4261117483053148
    },
    "SM16": {
        "RMSE(bins)": 0.08538488518726732,
        "LogLoss": 0.43212621616946734
    },
    "SM17": {
        "RMSE(bins)": 0.06643489306786703,
        "LogLoss": 0.4306079454433818
    },
    "user": "shisuu",
    "size": 21390
}