{
    "FSRS-6": {
        "RMSE(bins)": 0.040151186606003295,
        "LogLoss": 0.3990210681579031,
        "AUC": 0.6517516545379824
    },
    "FSRS-5": {
        "RMSE(bins)": 0.057238561284715966,
        "LogLoss": 0.40964853922753425,
        "AUC": 0.6420560500057524
    },
    "FSRS-4.5": {
        "RMSE(bins)": 0.05814929891962069,
        "LogLoss": 0.4093599043562314,
        "AUC": 0.6428232727278865
    },
    "FSRSv4": {
        "RMSE(bins)": 0.0644808048889845,
        "LogLoss": 0.41425237339975646,
        "AUC": 0.6383998818167063
    },
    "FSRSv3": {
        "RMSE(bins)": 0.07959601743322489,
        "LogLoss": 0.4242640353831924,
        "AUC": 0.6255974036805454
    },
    "SM16": {
        "RMSE(bins)": 0.08538488518726732,
        "LogLoss": 0.43212621616946734,
        "AUC": 0.6047996474613306
    },
    "SM17": {
        "RMSE(bins)": 0.06643489306786703,
        "LogLoss": 0.4306079454433818,
        "AUC": 0.5495961349998355
    },
    "AVG": {
        "RMSE(bins)": 0.0635178127688615,
        "LogLoss": 0.4150688175577013,
        "AUC": 0.5448466517968278
    },
    "user": "shisuu",
    "size": 21390
}