{
    "FSRSv4": {
        "RMSE": 0.3440683907909384,
        "LogLoss": 0.3864645539271125,
        "RMSE(bins)": 0.04368938808229071
    },
    "FSRSv3": {
        "RMSE": 0.3483109338906143,
        "LogLoss": 0.4065759231655854,
        "RMSE(bins)": 0.054379475430075784
    },
    "SM16": {
        "RMSE": 0.36537011587286544,
        "LogLoss": 0.4397779356535619,
        "RMSE(bins)": 0.06488822568017967
    },
    "SM17": {
        "RMSE": 0.36294914057971817,
        "LogLoss": 0.44297188446976504,
        "RMSE(bins)": 0.06247563391244175
    },
    "user": "WolfSlytherin",
    "size": 8163
}