{
    "FSRS-4.5": {
        "RMSE(bins)": 0.13193854532272586,
        "LogLoss": 0.4547869447191926
    },
    "FSRSv4": {
        "RMSE(bins)": 0.14271980679817278,
        "LogLoss": 0.4766273549105174
    },
    "FSRSv3": {
        "RMSE(bins)": 0.14565256113069674,
        "LogLoss": 0.489567018805868
    },
    "SM16": {
        "RMSE(bins)": 0.18532239630756184,
        "LogLoss": 0.5114346200783854
    },
    "SM17": {
        "RMSE(bins)": 0.1457522924853873,
        "LogLoss": 0.522325215873826
    },
    "user": "NoHeartPen",
    "size": 1493
}