{
    "FSRS-5": {
        "RMSE(bins)": 0.060837901664574576,
        "LogLoss": 0.37777648319405127
    },
    "FSRSv4": {
        "RMSE(bins)": 0.06356061577631289,
        "LogLoss": 0.38371569711374
    },
    "FSRSv3": {
        "RMSE(bins)": 0.08119682272017004,
        "LogLoss": 0.40478777960989126
    },
    "SM16": {
        "RMSE(bins)": 0.08978291634488579,
        "LogLoss": 0.41884062365436864
    },
    "SM17": {
        "RMSE(bins)": 0.0782595186244417,
        "LogLoss": 0.4281070535322453
    },
    "user": "LMSherlock",
    "size": 30884
}