{
    "FSRS-6": {
        "RMSE(bins)": 0.03662048038178695,
        "LogLoss": 0.24948319010806994
    },
    "FSRS-5": {
        "RMSE(bins)": 0.027003408590135617,
        "LogLoss": 0.2494123737880812
    },
    "FSRS-4.5": {
        "RMSE(bins)": 0.02689021542328028,
        "LogLoss": 0.24957581729249226
    },
    "FSRSv4": {
        "RMSE(bins)": 0.030059299887150295,
        "LogLoss": 0.25331805643701416
    },
    "FSRSv3": {
        "RMSE(bins)": 0.05587038723008845,
        "LogLoss": 0.2706443820287368
    },
    "SM16": {
        "RMSE(bins)": 0.1083979964301243,
        "LogLoss": 0.3112532079484792
    },
    "SM17": {
        "RMSE(bins)": 0.06282105091517003,
        "LogLoss": 0.278126105220727
    },
    "user": "Leee",
    "size": 45275
}