{
    "FSRS-6": {
        "RMSE(bins)": 0.028727760016463426,
        "LogLoss": 0.24940409186045662,
        "AUC": 0.7653995729943865
    },
    "FSRS-5": {
        "RMSE(bins)": 0.038911252766092835,
        "LogLoss": 0.2574302274400753,
        "AUC": 0.7569008186024044
    },
    "FSRS-4.5": {
        "RMSE(bins)": 0.03863242090069526,
        "LogLoss": 0.25736718492978566,
        "AUC": 0.754630693252407
    },
    "FSRSv4": {
        "RMSE(bins)": 0.048354163314500376,
        "LogLoss": 0.26792342578907347,
        "AUC": 0.7457675759813465
    },
    "FSRSv3": {
        "RMSE(bins)": 0.06673871679755074,
        "LogLoss": 0.2819888825172727,
        "AUC": 0.7078896998531257
    },
    "SM16": {
        "RMSE(bins)": 0.1083979964301243,
        "LogLoss": 0.3112532079484792,
        "AUC": 0.586905059825495
    },
    "SM17": {
        "RMSE(bins)": 0.06282105091517003,
        "LogLoss": 0.278126105220727,
        "AUC": 0.6612617340377474
    },
    "AVG": {
        "RMSE(bins)": 0.07928268515726955,
        "LogLoss": 0.2885642487252786,
        "AUC": 0.5659907317125134
    },
    "user": "Leee",
    "size": 45275
}