{
    "FSRS-4.5": {
        "RMSE": 0.3437120797390508,
        "LogLoss": 0.3842224462389404,
        "RMSE(bins)": 0.03067457722587286
    },
    "FSRSv4": {
        "RMSE": 0.34582368224357857,
        "LogLoss": 0.3897656641172146,
        "RMSE(bins)": 0.04805263024585139
    },
    "FSRSv3": {
        "RMSE": 0.35107757792523064,
        "LogLoss": 0.4172367771068916,
        "RMSE(bins)": 0.05675966484130734
    },
    "SM16": {
        "RMSE": 0.36537011587286544,
        "LogLoss": 0.4397779356535619,
        "RMSE(bins)": 0.06488822568017967
    },
    "SM17": {
        "RMSE": 0.36294914057971817,
        "LogLoss": 0.44297188446976504,
        "RMSE(bins)": 0.06247563391244175
    },
    "user": "WolfSlytherin",
    "size": 8163
}