{
    "FSRS-6": {
        "RMSE(bins)": 0.047350994506672316,
        "LogLoss": 0.5065788766939787,
        "AUC": 0.7298046755335592
    },
    "FSRS-5": {
        "RMSE(bins)": 0.07844655600635868,
        "LogLoss": 0.524499763772232,
        "AUC": 0.7197789587595333
    },
    "FSRS-4.5": {
        "RMSE(bins)": 0.07934092215237017,
        "LogLoss": 0.5239281306495837,
        "AUC": 0.7204634443764057
    },
    "FSRSv4": {
        "RMSE(bins)": 0.10302964477586969,
        "LogLoss": 0.5504140445274038,
        "AUC": 0.7066691749700906
    },
    "FSRSv3": {
        "RMSE(bins)": 0.12236184108444711,
        "LogLoss": 0.6173156161896769,
        "AUC": 0.6879695530348572
    },
    "SM16": {
        "RMSE(bins)": 0.15969534163880444,
        "LogLoss": 0.6682920625461145,
        "AUC": 0.677699270013066
    },
    "SM17": {
        "RMSE(bins)": 0.12974823478796163,
        "LogLoss": 0.6842575461418872,
        "AUC": 0.7181850132335663
    },
    "user": "Winston",
    "size": 8856
}