{
    "FSRS": {
        "RMSE": 0.2640781998471837,
        "LogLoss": 0.2512040827221018,
        "UniversalMetric": 0.01917812197206996
    },
    "SM16": {
        "RMSE": 0.29311972255447794,
        "LogLoss": 0.3112532079484792,
        "UniversalMetric": 0.059062397851017225
    },
    "SM17": {
        "RMSE": 0.27560637709717767,
        "LogLoss": 0.28134352068283647,
        "UniversalMetric": 0.03758820144628035
    },
    "user": "Leee",
    "size": 45275
}