{
    "FSRS-5": {
        "RMSE(bins)": 0.11980469125431217,
        "LogLoss": 0.4488480701498103
    },
    "FSRS-4.5": {
        "RMSE(bins)": 0.12226272623692999,
        "LogLoss": 0.44832254550978046
    },
    "FSRSv4": {
        "RMSE(bins)": 0.13398000793493317,
        "LogLoss": 0.4700228243115479
    },
    "FSRSv3": {
        "RMSE(bins)": 0.14308048209021465,
        "LogLoss": 0.4862050425346006
    },
    "SM16": {
        "RMSE(bins)": 0.18532239630756184,
        "LogLoss": 0.5114346200783854
    },
    "SM17": {
        "RMSE(bins)": 0.1457522924853873,
        "LogLoss": 0.522325215873826
    },
    "user": "NoHeartPen",
    "size": 1493
}