{
    "FSRS": {
        "RMSE": 0.33083950304333404,
        "LogLoss": 0.3690850045261701,
        "UniversalMetric": 0.026698349243637655
    },
    "SM16": {
        "RMSE": 0.3391512933314059,
        "LogLoss": 0.3967420922056975,
        "UniversalMetric": 0.038807535419776044
    },
    "SM17": {
        "RMSE": 0.3415475665822446,
        "LogLoss": 0.41465827598918464,
        "UniversalMetric": 0.05581854940541095
    },
    "user": "anonym2",
    "size": 6044
}