{
    "FSRS-5": {
        "RMSE(bins)": 0.05255708156293199,
        "LogLoss": 0.3688455692874332
    },
    "FSRSv4": {
        "RMSE(bins)": 0.05847899951879822,
        "LogLoss": 0.3728264569688633
    },
    "FSRSv3": {
        "RMSE(bins)": 0.05702122483870441,
        "LogLoss": 0.3770110801483246
    },
    "SM16": {
        "RMSE(bins)": 0.07256873158392757,
        "LogLoss": 0.3967420922056975
    },
    "SM17": {
        "RMSE(bins)": 0.07369271012542368,
        "LogLoss": 0.41465827598918464
    },
    "user": "anonym2",
    "size": 6044
}