{
    "FSRS-6": {
        "RMSE(bins)": 0.05352419000784094,
        "LogLoss": 0.36537869509553356,
        "AUC": 0.6608444597440661
    },
    "FSRS-5": {
        "RMSE(bins)": 0.08122833709693868,
        "LogLoss": 0.39107584217179153,
        "AUC": 0.6440044407190095
    },
    "FSRS-4.5": {
        "RMSE(bins)": 0.08296483996926325,
        "LogLoss": 0.39222394272330946,
        "AUC": 0.6426145337527425
    },
    "FSRSv4": {
        "RMSE(bins)": 0.10040425783616617,
        "LogLoss": 0.4144963229817077,
        "AUC": 0.630999617598498
    },
    "FSRSv3": {
        "RMSE(bins)": 0.1174332545342538,
        "LogLoss": 0.4580261780969742,
        "AUC": 0.6125904015505788
    },
    "SM16": {
        "RMSE(bins)": 0.08978291634488579,
        "LogLoss": 0.41884062365436864,
        "AUC": 0.6069463589641556
    },
    "SM17": {
        "RMSE(bins)": 0.0782595186244417,
        "LogLoss": 0.4281070535322453,
        "AUC": 0.6474313197018894
    },
    "AVG": {
        "RMSE(bins)": 0.07850246016537547,
        "LogLoss": 0.3813165957869783,
        "AUC": 0.524755064225021
    },
    "user": "LMSherlock",
    "size": 30884
}