{
    "FSRS": {
        "RMSE": 0.3333187367064327,
        "LogLoss": 0.3824919978579666,
        "UniversalMetric": 0.04401278823085085
    },
    "SM16": {
        "RMSE": 0.35049174320024673,
        "LogLoss": 0.41884062365436864,
        "UniversalMetric": 0.05408170450444927
    },
    "SM17": {
        "RMSE": 0.35330189157407577,
        "LogLoss": 0.4281070535322453,
        "UniversalMetric": 0.05708223820222218
    },
    "user": "LMSherlock",
    "size": 30884
}