{
    "FSRS-5": {
        "RMSE(bins)": 0.027072179241732153,
        "LogLoss": 0.2495598703405096
    },
    "FSRSv4": {
        "RMSE(bins)": 0.029270726279985976,
        "LogLoss": 0.25645334726111935
    },
    "FSRSv3": {
        "RMSE(bins)": 0.057137859103065354,
        "LogLoss": 0.2716381407762846
    },
    "SM16": {
        "RMSE(bins)": 0.1083979964301243,
        "LogLoss": 0.3112532079484792
    },
    "SM17": {
        "RMSE(bins)": 0.06282105091517003,
        "LogLoss": 0.278126105220727
    },
    "user": "Leee",
    "size": 45275
}