{
    "FSRSv4": {
        "RMSE": 0.263816034918389,
        "LogLoss": 0.25060692043186017,
        "RMSE(bins)": 0.026881384574933585
    },
    "FSRSv3": {
        "RMSE": 0.2745565733620605,
        "LogLoss": 0.2738366948183856,
        "RMSE(bins)": 0.05998840456497765
    },
    "SM16": {
        "RMSE": 0.29311972255447794,
        "LogLoss": 0.3112532079484792,
        "RMSE(bins)": 0.10219307840750314
    },
    "SM17": {
        "RMSE": 0.27560597703529843,
        "LogLoss": 0.278126105220727,
        "RMSE(bins)": 0.04672691049490003
    },
    "user": "Leee",
    "size": 45275
}