{
    "FSRS-4.5": {
        "RMSE(bins)": 0.02743521012985485,
        "LogLoss": 0.2502662580058746
    },
    "FSRSv4": {
        "RMSE(bins)": 0.030713852970451583,
        "LogLoss": 0.25389586034854594
    },
    "FSRSv3": {
        "RMSE(bins)": 0.05713786821666929,
        "LogLoss": 0.2716381404431017
    },
    "SM16": {
        "RMSE(bins)": 0.1083979964301243,
        "LogLoss": 0.3112532079484792
    },
    "SM17": {
        "RMSE(bins)": 0.06282105091517003,
        "LogLoss": 0.278126105220727
    },
    "user": "Leee",
    "size": 45275
}