{
    "FSRS-4.5": {
        "RMSE": 0.35246305100086733,
        "LogLoss": 0.4114247693671756,
        "RMSE(bins)": 0.06423313392558148
    },
    "FSRSv4": {
        "RMSE": 0.3550328873891114,
        "LogLoss": 0.4167494097467656,
        "RMSE(bins)": 0.07395120762535534
    },
    "FSRSv3": {
        "RMSE": 0.359543345084047,
        "LogLoss": 0.425695756671231,
        "RMSE(bins)": 0.08857479627048694
    },
    "SM16": {
        "RMSE": 0.3603192287549551,
        "LogLoss": 0.43212621616946734,
        "RMSE(bins)": 0.089501147090211
    },
    "SM17": {
        "RMSE": 0.355217474425805,
        "LogLoss": 0.4306079454433818,
        "RMSE(bins)": 0.05387556923271753
    },
    "user": "shisuu",
    "size": 21390
}