{
    "FSRS-6": {
        "RMSE(bins)": 0.13954470281963205,
        "LogLoss": 0.31178102542932,
        "AUC": 0.5539613526570049
    },
    "FSRS-5": {
        "RMSE(bins)": 0.18516163671061278,
        "LogLoss": 0.35684456650970714,
        "AUC": 0.5428985507246378
    },
    "FSRS-4.5": {
        "RMSE(bins)": 0.1739771980831876,
        "LogLoss": 0.3426350303303613,
        "AUC": 0.5528502415458937
    },
    "FSRSv4": {
        "RMSE(bins)": 0.23261542098692034,
        "LogLoss": 0.4056676206518852,
        "AUC": 0.5276811594202898
    },
    "FSRSv3": {
        "RMSE(bins)": 0.1589144967693733,
        "LogLoss": 0.3261188299702463,
        "AUC": 0.5463768115942028
    },
    "SM16": {
        "RMSE(bins)": 0.12029603469023295,
        "LogLoss": 0.29136565234236333,
        "AUC": 0.6452173913043476
    },
    "SM17": {
        "RMSE(bins)": 0.09924186646330767,
        "LogLoss": 0.29627281219795226,
        "AUC": 0.661256038647343
    },
    "AVG": {
        "RMSE(bins)": 0.11216933097285647,
        "LogLoss": 0.28765612272910873,
        "AUC": 0.5081642512077295
    },
    "user": "VSpade7",
    "size": 375
}