{
    "FSRS-4.5": {
        "RMSE(bins)": 0.08254785253813769,
        "LogLoss": 0.4466131487337798
    },
    "FSRSv4": {
        "RMSE(bins)": 0.08260211685372618,
        "LogLoss": 0.44959512380717126
    },
    "FSRSv3": {
        "RMSE(bins)": 0.07979905362597588,
        "LogLoss": 0.45492903064414203
    },
    "SM16": {
        "RMSE(bins)": 0.09004049085419014,
        "LogLoss": 0.4184812116434929
    },
    "SM17": {
        "RMSE(bins)": 0.06082953969470781,
        "LogLoss": 0.40911199593090947
    },
    "user": "KKKphelps",
    "size": 10380
}