{
    "FSRS-4.5": {
        "RMSE(bins)": 0.059386901106687734,
        "LogLoss": 0.3542981286870181
    },
    "FSRSv4": {
        "RMSE(bins)": 0.06549153017937956,
        "LogLoss": 0.3600440350987147
    },
    "FSRSv3": {
        "RMSE(bins)": 0.09471374313960691,
        "LogLoss": 0.38205381240139485
    },
    "SM16": {
        "RMSE(bins)": 0.10811298363474091,
        "LogLoss": 0.41674676470797933
    },
    "SM17": {
        "RMSE(bins)": 0.08975087106336656,
        "LogLoss": 0.4141360099698678
    },
    "user": "nocturne2014",
    "size": 35557
}