{
    "FSRS": {
        "RMSE": 0.3940234729960137,
        "LogLoss": 0.49019593809578976,
        "UniversalMetric": 0.06494877325096987,
        "RMSE(bins)": 0.10059519095887623
    },
    "SM16": {
        "RMSE": 0.40266189233280697,
        "LogLoss": 0.5255545315753065,
        "UniversalMetric": 0.05968386801993024,
        "RMSE(bins)": 0.10859893253033272
    },
    "SM17": {
        "RMSE": 0.3993445255138354,
        "LogLoss": 0.5354433066833889,
        "UniversalMetric": 0.06620784278632946,
        "RMSE(bins)": 0.11398982383764168
    },
    "user": "Shore3145",
    "size": 3456
}