{
    "FSRS-6": {
        "RMSE(bins)": 0.029304677677743692,
        "LogLoss": 0.2465333845550291,
        "AUC": 0.7696748688826253
    },
    "FSRS-5": {
        "RMSE(bins)": 0.02699860285242028,
        "LogLoss": 0.24941325773981268,
        "AUC": 0.7679736584273639
    },
    "FSRS-4.5": {
        "RMSE(bins)": 0.026891585377414103,
        "LogLoss": 0.24960550212235819,
        "AUC": 0.767254538349409
    },
    "FSRSv4": {
        "RMSE(bins)": 0.03006815179355621,
        "LogLoss": 0.2533361734843336,
        "AUC": 0.7625218475610753
    },
    "FSRSv3": {
        "RMSE(bins)": 0.0558712999710845,
        "LogLoss": 0.2708956769453627,
        "AUC": 0.7187424380474918
    },
    "SM16": {
        "RMSE(bins)": 0.1083979964301243,
        "LogLoss": 0.3112532079484792,
        "AUC": 0.586905059825495
    },
    "SM17": {
        "RMSE(bins)": 0.061323329025852524,
        "LogLoss": 0.3277788168285719,
        "AUC": 0.6628617279587378
    },
    "AVG": {
        "RMSE(bins)": 0.07717036207181482,
        "LogLoss": 0.286434848746456,
        "AUC": 0.5648831945446445
    },
    "user": "Leee",
    "size": 45275
}