{
    "FSRS-6": {
        "RMSE(bins)": 0.12631780274904514,
        "LogLoss": 0.2817396251511585,
        "AUC": 0.5041378173425651
    },
    "FSRS-5": {
        "RMSE(bins)": 0.21592707927014199,
        "LogLoss": 0.3788155888992941,
        "AUC": 0.49818661391361685
    },
    "FSRS-4.5": {
        "RMSE(bins)": 0.20740558872565068,
        "LogLoss": 0.3661281834101612,
        "AUC": 0.5021595779756017
    },
    "FSRSv4": {
        "RMSE(bins)": 0.27425321582403384,
        "LogLoss": 0.46416348595561535,
        "AUC": 0.49022420046158915
    },
    "FSRSv3": {
        "RMSE(bins)": 0.22887177221915242,
        "LogLoss": 0.3900654950803849,
        "AUC": 0.5065117045829212
    },
    "SM16": {
        "RMSE(bins)": 0.13299249522116632,
        "LogLoss": 0.2846341532206854,
        "AUC": 0.6236234751071545
    },
    "SM17": {
        "RMSE(bins)": 0.07972431290679556,
        "LogLoss": 0.24448999498458734,
        "AUC": 0.6023986152324431
    },
    "user": "anonym1",
    "size": 1071
}