{
    "FSRS-6": {
        "RMSE(bins)": 0.05108626931976392,
        "LogLoss": 0.36936736334085846,
        "AUC": 0.6757415809586981
    },
    "FSRS-5": {
        "RMSE(bins)": 0.05007312193871132,
        "LogLoss": 0.3676096218097304,
        "AUC": 0.6836506011105072
    },
    "FSRS-4.5": {
        "RMSE(bins)": 0.050426215016193245,
        "LogLoss": 0.36735300009486704,
        "AUC": 0.6837394570613223
    },
    "FSRSv4": {
        "RMSE(bins)": 0.05670462409113594,
        "LogLoss": 0.371742874694898,
        "AUC": 0.6788069911862101
    },
    "FSRSv3": {
        "RMSE(bins)": 0.05455652486689173,
        "LogLoss": 0.3745303921507021,
        "AUC": 0.677935602490176
    },
    "SM16": {
        "RMSE(bins)": 0.07256873158392757,
        "LogLoss": 0.3967420922056975,
        "AUC": 0.6149647109792094
    },
    "SM17": {
        "RMSE(bins)": 0.07369271012542368,
        "LogLoss": 0.41465827598918464,
        "AUC": 0.5541718709436958
    },
    "AVG": {
        "RMSE(bins)": 0.07854446032416981,
        "LogLoss": 0.3894936920551249,
        "AUC": 0.49965826481618947
    },
    "user": "anonym2",
    "size": 6044
}