{
    "FSRS-6": {
        "RMSE(bins)": 0.06747365481202136,
        "LogLoss": 0.2881530844834554,
        "AUC": 0.6074867087397208
    },
    "FSRS-5": {
        "RMSE(bins)": 0.08286655734825822,
        "LogLoss": 0.29753099850493725,
        "AUC": 0.5900439854656722
    },
    "FSRS-4.5": {
        "RMSE(bins)": 0.06336965967931474,
        "LogLoss": 0.28843553085915163,
        "AUC": 0.6064042838018742
    },
    "FSRSv4": {
        "RMSE(bins)": 0.07646806454177849,
        "LogLoss": 0.29928537698420554,
        "AUC": 0.5828056352393702
    },
    "FSRSv3": {
        "RMSE(bins)": 0.06296624785698855,
        "LogLoss": 0.2876713188661949,
        "AUC": 0.6064302925989673
    },
    "SM16": {
        "RMSE(bins)": 0.08028764565396042,
        "LogLoss": 0.30796893968444516,
        "AUC": 0.5516233824185632
    },
    "SM17": {
        "RMSE(bins)": 0.04951070034281402,
        "LogLoss": 0.2857662053164479,
        "AUC": 0.6590649582456811
    },
    "user": "Hy-Fran",
    "size": 5140
}