{
    "FSRS": {
        "RMSE": 0.38297828564867886,
        "LogLoss": 0.46986058186169627,
        "UniversalMetric": 0.06920371108342595
    },
    "SM16": {
        "RMSE": 0.4029675652875937,
        "LogLoss": 0.5114346200783854,
        "UniversalMetric": 0.09295742373517762
    },
    "SM17": {
        "RMSE": 0.3939140872125388,
        "LogLoss": 0.522325215873826,
        "UniversalMetric": 0.06655851967363557
    },
    "user": "NoHeartPen",
    "size": 1493
}