{
    "FSRS-6": {
        "RMSE(bins)": 0.12971070896771625,
        "LogLoss": 0.4467112087955053,
        "AUC": 0.6607997140605237
    },
    "FSRS-5": {
        "RMSE(bins)": 0.13109046356572945,
        "LogLoss": 0.4588058423535909,
        "AUC": 0.6708320349970367
    },
    "FSRS-4.5": {
        "RMSE(bins)": 0.12724899772158338,
        "LogLoss": 0.45435806767429526,
        "AUC": 0.6743925313586403
    },
    "FSRSv4": {
        "RMSE(bins)": 0.15323092855701587,
        "LogLoss": 0.4898763206260953,
        "AUC": 0.6438907931154573
    },
    "FSRSv3": {
        "RMSE(bins)": 0.1618782238316387,
        "LogLoss": 0.5246190190758601,
        "AUC": 0.6303101954530735
    },
    "SM16": {
        "RMSE(bins)": 0.18532239630756184,
        "LogLoss": 0.5114346200783854,
        "AUC": 0.6578670014846858
    },
    "SM17": {
        "RMSE(bins)": 0.1457522924853873,
        "LogLoss": 0.522325215873826,
        "AUC": 0.7151144674377257
    },
    "AVG": {
        "RMSE(bins)": 0.15486967053774392,
        "LogLoss": 0.48609755915548936,
        "AUC": 0.4197215755998314
    },
    "user": "NoHeartPen",
    "size": 1493
}