{
    "FSRS-4.5": {
        "RMSE(bins)": 0.06259119575304016,
        "LogLoss": 0.41213516607087886
    },
    "FSRSv4": {
        "RMSE(bins)": 0.06853347445339532,
        "LogLoss": 0.417860902780174
    },
    "FSRSv3": {
        "RMSE(bins)": 0.0824938329878481,
        "LogLoss": 0.4262483606707229
    },
    "SM16": {
        "RMSE(bins)": 0.08538488518726732,
        "LogLoss": 0.43212621616946734
    },
    "SM17": {
        "RMSE(bins)": 0.06643489306786703,
        "LogLoss": 0.4306079454433818
    },
    "user": "shisuu",
    "size": 21390
}