{
    "FSRS-6": {
        "RMSE(bins)": 0.04901566020846208,
        "LogLoss": 0.37920571683768517,
        "AUC": 0.7639559329123554
    },
    "FSRS-5": {
        "RMSE(bins)": 0.0636341844976339,
        "LogLoss": 0.3850719196278151,
        "AUC": 0.7618701338925891
    },
    "FSRS-4.5": {
        "RMSE(bins)": 0.062195183476157594,
        "LogLoss": 0.385280829180856,
        "AUC": 0.7598475878995519
    },
    "FSRSv4": {
        "RMSE(bins)": 0.07830130292736216,
        "LogLoss": 0.39603773666640607,
        "AUC": 0.7587350103619757
    },
    "FSRSv3": {
        "RMSE(bins)": 0.08670903630988565,
        "LogLoss": 0.45345130252026367,
        "AUC": 0.7414852674727901
    },
    "SM16": {
        "RMSE(bins)": 0.11763002854649963,
        "LogLoss": 0.4397779356535619,
        "AUC": 0.6528177617157677
    },
    "SM17": {
        "RMSE(bins)": 0.10169109577100072,
        "LogLoss": 0.47544562623298325,
        "AUC": 0.6475050613498972
    },
    "AVG": {
        "RMSE(bins)": 0.13946802313968618,
        "LogLoss": 0.466895875703992,
        "AUC": 0.48490595571003126
    },
    "user": "WolfSlytherin",
    "size": 8163,
    "parameters": {
        "FSRS-6": [
            0.1269,
            4.1727,
            3.5261,
            12.651,
            7.4022,
            0.7494,
            1.4532,
            0.0227,
            2.1224,
            0.4389,
            0.9408,
            1.7368,
            0.0107,
            0.4523,
            1.024,
            0.4234,
            2.6277,
            0.3484,
            0.0,
            0.0658,
            0.2251
        ],
        "FSRSv3": [
            0.3721,
            4.2206,
            4.7221,
            -1.9749,
            -1.466,
            0.0697,
            1.9992,
            -0.3108,
            1.1608,
            1.8524,
            -0.3909,
            0.8553,
            1.0649
        ],
        "FSRSv4": [
            0.2554,
            3.3002,
            5.0527,
            14.9647,
            4.9525,
            2.2289,
            0.2964,
            0.0567,
            2.1027,
            0.4074,
            1.385,
            2.5095,
            0.0122,
            0.4012,
            0.8433,
            0.5189,
            2.4214
        ],
        "FSRS-4.5": [
            0.2313,
            3.9616,
            5.0721,
            17.9322,
            5.2983,
            2.2045,
            0.334,
            0.0798,
            2.2859,
            0.4897,
            1.4707,
            2.3144,
            0.0256,
            0.3577,
            0.9952,
            0.4791,
            2.4707
        ],
        "FSRS-5": [
            0.2317,
            3.7234,
            4.9089,
            19.8076,
            7.6474,
            0.8132,
            0.823,
            0.0066,
            1.7619,
            0.3389,
            1.1473,
            1.9692,
            0.0024,
            0.4367,
            0.9971,
            0.4911,
            2.5692,
            0.0,
            0.2322
        ]
    }
}