{
    "FSRS": {
        "RMSE": 0.3388392371701512,
        "LogLoss": 0.38633319258666027,
        "UniversalMetric": 0.057124981031558865,
        "RMSE(bins)": 0.08704988102035854
    },
    "SM16": {
        "RMSE": 0.3446642613146954,
        "LogLoss": 0.4010966514798661,
        "UniversalMetric": 0.046204986119044875,
        "RMSE(bins)": 0.10210173786472443
    },
    "SM17": {
        "RMSE": 0.3569690868756873,
        "LogLoss": 0.42921614355811794,
        "UniversalMetric": 0.06316928938558222,
        "RMSE(bins)": 0.1379328022259952
    },
    "user": "reallyyy",
    "size": 8984
}