{
    "FSRS-5": {
        "RMSE(bins)": 0.12699481796627538,
        "LogLoss": 0.45415068340048614
    },
    "FSRSv4": {
        "RMSE(bins)": 0.14271993619716392,
        "LogLoss": 0.476627124430364
    },
    "FSRSv3": {
        "RMSE(bins)": 0.14565255762175205,
        "LogLoss": 0.4895670240664811
    },
    "SM16": {
        "RMSE(bins)": 0.18532239630756184,
        "LogLoss": 0.5114346200783854
    },
    "SM17": {
        "RMSE(bins)": 0.1457522924853873,
        "LogLoss": 0.522325215873826
    },
    "user": "NoHeartPen",
    "size": 1493
}