{
    "FSRS-6": {
        "RMSE(bins)": 0.04604697801915881,
        "LogLoss": 0.402237928209768,
        "AUC": 0.6501802020972296
    },
    "FSRS-5": {
        "RMSE(bins)": 0.05723912164653777,
        "LogLoss": 0.40963616780403217,
        "AUC": 0.6420584936981568
    },
    "FSRS-4.5": {
        "RMSE(bins)": 0.0581393252519552,
        "LogLoss": 0.40935926306456155,
        "AUC": 0.6428044264094865
    },
    "FSRSv4": {
        "RMSE(bins)": 0.06447911815027366,
        "LogLoss": 0.4142596353150447,
        "AUC": 0.6383721573352543
    },
    "FSRSv3": {
        "RMSE(bins)": 0.07959822761534473,
        "LogLoss": 0.4239271233944056,
        "AUC": 0.6256099210114229
    },
    "SM16": {
        "RMSE(bins)": 0.08538488518726732,
        "LogLoss": 0.43212621616946734,
        "AUC": 0.6047996474613306
    },
    "SM17": {
        "RMSE(bins)": 0.06643489306786703,
        "LogLoss": 0.4306079454433818,
        "AUC": 0.5495961349998355
    },
    "user": "shisuu",
    "size": 21390
}