{
    "FSRS-6": {
        "RMSE(bins)": 0.06811902354910068,
        "LogLoss": 0.43910343684511666,
        "AUC": 0.531027381977137
    },
    "FSRS-5": {
        "RMSE(bins)": 0.08078130177004011,
        "LogLoss": 0.4606825128410179,
        "AUC": 0.5296669561375443
    },
    "FSRS-4.5": {
        "RMSE(bins)": 0.07979374295734115,
        "LogLoss": 0.46029427588086874,
        "AUC": 0.5272409314995099
    },
    "FSRSv4": {
        "RMSE(bins)": 0.08800722240624312,
        "LogLoss": 0.46710243463036455,
        "AUC": 0.5278466540721443
    },
    "FSRSv3": {
        "RMSE(bins)": 0.08203322708711892,
        "LogLoss": 0.47086880607882375,
        "AUC": 0.5210557529797726
    },
    "SM16": {
        "RMSE(bins)": 0.09004049085419014,
        "LogLoss": 0.4184812116434929,
        "AUC": 0.5819445396651278
    },
    "SM17": {
        "RMSE(bins)": 0.08492383554381636,
        "LogLoss": 0.5532570844122936,
        "AUC": 0.5409273574102005
    },
    "AVG": {
        "RMSE(bins)": 0.0961621169313249,
        "LogLoss": 0.4258628804751258,
        "AUC": 0.5479983660130718
    },
    "user": "KKKphelps",
    "size": 10380,
    "parameters": {
        "FSRS-6": [
            0.3453,
            0.6713,
            1.9252,
            3.2924,
            6.8039,
            0.001,
            0.001,
            0.2217,
            1.3318,
            0.8,
            0.2704,
            2.0917,
            0.0103,
            0.4121,
            3.997,
            0.7997,
            1.0,
            0.1212,
            0.0,
            0.0658,
            0.1
        ],
        "FSRSv3": [
            0.6306,
            2.7132,
            4.7187,
            -0.1661,
            -0.1,
            0.5,
            1.8125,
            -0.8,
            0.5019,
            1.7936,
            -0.3963,
            0.0148,
            1.2647
        ],
        "FSRSv4": [
            0.5453,
            2.9985,
            4.793,
            7.1787,
            4.6586,
            0.1,
            0.1,
            0.5,
            1.5367,
            0.8,
            0.5036,
            3.0345,
            0.019,
            0.2167,
            2.0,
            0.3371,
            1.0
        ],
        "FSRS-4.5": [
            0.4921,
            2.4892,
            4.2173,
            6.8957,
            4.9933,
            0.01,
            0.01,
            0.3759,
            1.4734,
            0.8,
            0.5083,
            2.6877,
            0.0423,
            0.1864,
            3.9981,
            0.3157,
            1.0
        ],
        "FSRS-5": [
            0.4914,
            2.4966,
            4.2206,
            7.7166,
            6.8987,
            0.0465,
            0.001,
            0.2776,
            1.5635,
            0.8,
            0.6562,
            2.5068,
            0.0327,
            0.1986,
            4.0,
            0.3201,
            1.0,
            0.0,
            0.2501
        ]
    }
}