{
    "FSRS-6": {
        "RMSE(bins)": 0.05108626931976392,
        "LogLoss": 0.36936736334085846,
        "AUC": 0.6757415809586981
    },
    "FSRS-5": {
        "RMSE(bins)": 0.05007074018388618,
        "LogLoss": 0.3675771056150683,
        "AUC": 0.6836423158934718
    },
    "FSRS-4.5": {
        "RMSE(bins)": 0.050427939561841245,
        "LogLoss": 0.3673652371689365,
        "AUC": 0.6837216858711593
    },
    "FSRSv4": {
        "RMSE(bins)": 0.05670717979666017,
        "LogLoss": 0.37176166046597725,
        "AUC": 0.6787393886182251
    },
    "FSRSv3": {
        "RMSE(bins)": 0.05455422133236964,
        "LogLoss": 0.37448324644794334,
        "AUC": 0.6779246756097379
    },
    "SM16": {
        "RMSE(bins)": 0.07256873158392757,
        "LogLoss": 0.3967420922056975,
        "AUC": 0.6149647109792094
    },
    "SM17": {
        "RMSE(bins)": 0.07369271012542368,
        "LogLoss": 0.41465827598918464,
        "AUC": 0.5541718709436958
    },
    "user": "anonym2",
    "size": 6044
}