{
    "FSRS-6": {
        "RMSE(bins)": 0.05214590133165621,
        "LogLoss": 0.4609256031856497,
        "AUC": 0.6710064903613291
    },
    "FSRS-5": {
        "RMSE(bins)": 0.09981927555135856,
        "LogLoss": 0.4928959606634606,
        "AUC": 0.6389459351824944
    },
    "FSRS-4.5": {
        "RMSE(bins)": 0.08807828671336575,
        "LogLoss": 0.4848077228641781,
        "AUC": 0.6470263274026715
    },
    "FSRSv4": {
        "RMSE(bins)": 0.11562732864570563,
        "LogLoss": 0.5102140888116559,
        "AUC": 0.6294017135414984
    },
    "FSRSv3": {
        "RMSE(bins)": 0.11069880746599836,
        "LogLoss": 0.5205355022511177,
        "AUC": 0.6268693424607403
    },
    "SM16": {
        "RMSE(bins)": 0.1044652647525207,
        "LogLoss": 0.5255545315753065,
        "AUC": 0.6156893452592377
    },
    "SM17": {
        "RMSE(bins)": 0.09330015922582868,
        "LogLoss": 0.5354433066833889,
        "AUC": 0.6459653201588685
    },
    "AVG": {
        "RMSE(bins)": 0.09418521798805234,
        "LogLoss": 0.49155683882491563,
        "AUC": 0.09418521798805234
    },
    "user": "Shore3145",
    "size": 3456
}