{
    "FSRS-6": {
        "RMSE(bins)": 0.05918435809752964,
        "LogLoss": 0.3733359001585725,
        "AUC": 0.6368111529459927
    },
    "FSRS-5": {
        "RMSE(bins)": 0.05789699255465673,
        "LogLoss": 0.3792031302448251,
        "AUC": 0.6376681356350887
    },
    "FSRS-4.5": {
        "RMSE(bins)": 0.0626027187521651,
        "LogLoss": 0.38060916920764476,
        "AUC": 0.6365132384488044
    },
    "FSRSv4": {
        "RMSE(bins)": 0.07379690790397651,
        "LogLoss": 0.3910903057037843,
        "AUC": 0.6315401717883528
    },
    "FSRSv3": {
        "RMSE(bins)": 0.07880339291990061,
        "LogLoss": 0.39960618765310285,
        "AUC": 0.6200785701635365
    },
    "SM16": {
        "RMSE(bins)": 0.06453069363833035,
        "LogLoss": 0.4010966514798661,
        "AUC": 0.60089117642787
    },
    "SM17": {
        "RMSE(bins)": 0.08777344847683197,
        "LogLoss": 0.42921614355811794,
        "AUC": 0.5810416941809733
    },
    "user": "reallyyy",
    "size": 8984
}