{
    "FSRS-5": {
        "RMSE(bins)": 0.12835475712666075,
        "LogLoss": 0.7118456180651658
    },
    "FSRSv4": {
        "RMSE(bins)": 0.15550691004211845,
        "LogLoss": 0.7810047004967445
    },
    "FSRSv3": {
        "RMSE(bins)": 0.19229691807631052,
        "LogLoss": 0.8216962593368192
    },
    "SM16": {
        "RMSE(bins)": 0.2405453358625146,
        "LogLoss": 0.874938171865501
    },
    "SM17": {
        "RMSE(bins)": 0.19689711204428534,
        "LogLoss": 0.8150247745731314
    },
    "user": "Hansel221",
    "size": 7063
}