{
    "FSRS-6": {
        "RMSE(bins)": 0.05011444467382899,
        "LogLoss": 0.3482838358437395,
        "AUC": 0.6624452275025978
    },
    "FSRS-5": {
        "RMSE(bins)": 0.08086703579241449,
        "LogLoss": 0.3694652729446558,
        "AUC": 0.6531298836250159
    },
    "FSRS-4.5": {
        "RMSE(bins)": 0.08137295993981815,
        "LogLoss": 0.37004408189734905,
        "AUC": 0.6507382117913776
    },
    "FSRSv4": {
        "RMSE(bins)": 0.10031437595878656,
        "LogLoss": 0.3900901959435284,
        "AUC": 0.6437349827163568
    },
    "FSRSv3": {
        "RMSE(bins)": 0.13227929791091994,
        "LogLoss": 0.440735870271122,
        "AUC": 0.6201322696511611
    },
    "SM16": {
        "RMSE(bins)": 0.10811298363474091,
        "LogLoss": 0.41674676470797933,
        "AUC": 0.5897869954841342
    },
    "SM17": {
        "RMSE(bins)": 0.08975087106336656,
        "LogLoss": 0.4141360099698678,
        "AUC": 0.6034049511469155
    },
    "AVG": {
        "RMSE(bins)": 0.07314030479425612,
        "LogLoss": 0.36835060174617007,
        "AUC": 0.5441400988969375
    },
    "user": "nocturne2014",
    "size": 35557
}