{
    "FSRS": {
        "RMSE": 0.3551805849775757,
        "LogLoss": 0.4162272965556344,
        "UniversalMetric": 0.04535840114033679,
        "RMSE(bins)": 0.0767764410505634
    },
    "SM16": {
        "RMSE": 0.3603192287549551,
        "LogLoss": 0.43212621616946734,
        "UniversalMetric": 0.03706813635073523,
        "RMSE(bins)": 0.089501147090211
    },
    "SM17": {
        "RMSE": 0.355217474425805,
        "LogLoss": 0.4306079454433818,
        "UniversalMetric": 0.04204233673820651,
        "RMSE(bins)": 0.05387556923271753
    },
    "user": "shisuu",
    "size": 21390
}