{
    "FSRS-6": {
        "RMSE(bins)": 0.09317562866822476,
        "LogLoss": 0.6619403113488697
    },
    "FSRS-5": {
        "RMSE(bins)": 0.12317787471577794,
        "LogLoss": 0.7038925263146952
    },
    "FSRS-4.5": {
        "RMSE(bins)": 0.17089002906930942,
        "LogLoss": 0.7992265391693416
    },
    "FSRSv4": {
        "RMSE(bins)": 0.14605172291234728,
        "LogLoss": 0.7445205663880955
    },
    "FSRSv3": {
        "RMSE(bins)": 0.1845986848215353,
        "LogLoss": 0.8055739719969717
    },
    "SM16": {
        "RMSE(bins)": 0.2405453358625146,
        "LogLoss": 0.874938171865501
    },
    "SM17": {
        "RMSE(bins)": 0.19689711204428534,
        "LogLoss": 0.8150247745731314
    },
    "user": "Hansel221",
    "size": 7063
}