{
    "FSRS-6": {
        "RMSE(bins)": 0.12971070896771625,
        "LogLoss": 0.4467112087955053,
        "AUC": 0.6607997140605237
    },
    "FSRS-5": {
        "RMSE(bins)": 0.13109046356572945,
        "LogLoss": 0.4588058423535909,
        "AUC": 0.6708320349970367
    },
    "FSRS-4.5": {
        "RMSE(bins)": 0.12724899772158338,
        "LogLoss": 0.45435806767429526,
        "AUC": 0.6743925313586403
    },
    "FSRSv4": {
        "RMSE(bins)": 0.15323092855701587,
        "LogLoss": 0.4898763206260953,
        "AUC": 0.6438907931154573
    },
    "FSRSv3": {
        "RMSE(bins)": 0.1618782238316387,
        "LogLoss": 0.5246190190758601,
        "AUC": 0.6303101954530735
    },
    "SM16": {
        "RMSE(bins)": 0.18532239630756184,
        "LogLoss": 0.5114346200783854,
        "AUC": 0.6578670014846858
    },
    "SM17": {
        "RMSE(bins)": 0.1457522924853873,
        "LogLoss": 0.522325215873826,
        "AUC": 0.7151144674377257
    },
    "AVG": {
        "RMSE(bins)": 0.15486967053774392,
        "LogLoss": 0.48609755915548936,
        "AUC": 0.4197215755998314
    },
    "user": "NoHeartPen",
    "size": 1493,
    "parameters": {
        "FSRS-6": [
            0.3816,
            1.4883,
            2.6248,
            8.5116,
            6.3444,
            0.8461,
            2.9823,
            0.1157,
            1.7939,
            0.3202,
            0.7227,
            1.3661,
            0.1035,
            0.1422,
            1.5194,
            0.5055,
            1.8328,
            0.5425,
            0.0912,
            0.0658,
            0.106
        ],
        "FSRSv3": [
            1.2366,
            2.0603,
            4.9649,
            -1.45,
            -1.5632,
            0.05,
            1.8893,
            -0.1658,
            1.1981,
            1.8541,
            -0.4054,
            0.4036,
            0.8502
        ],
        "FSRSv4": [
            0.7184,
            1.1962,
            2.6418,
            11.1464,
            4.9216,
            0.8902,
            0.9615,
            0.1452,
            1.5524,
            0.1462,
            0.9966,
            2.1194,
            0.0877,
            0.2599,
            1.1074,
            0.516,
            2.4953
        ],
        "FSRS-4.5": [
            0.7866,
            1.6618,
            4.0501,
            13.9881,
            5.243,
            1.1495,
            1.0403,
            0.0512,
            1.5916,
            0.2116,
            0.9925,
            2.0291,
            0.135,
            0.2309,
            1.4328,
            0.4585,
            2.7705
        ],
        "FSRS-5": [
            0.7012,
            1.4682,
            3.5223,
            15.8386,
            7.2266,
            0.4319,
            1.6167,
            0.0318,
            1.4786,
            0.1596,
            0.9528,
            1.8822,
            0.1517,
            0.2268,
            2.1484,
            0.4521,
            2.8806,
            0.612,
            0.7576
        ]
    }
}