{
    "FSRSv4": {
        "RMSE": 0.33904457461711013,
        "LogLoss": 0.3869006853854138,
        "RMSE(bins)": 0.08740662008268642
    },
    "FSRSv3": {
        "RMSE": 0.34546344942651314,
        "LogLoss": 0.3995133869126263,
        "RMSE(bins)": 0.10808926018307899
    },
    "SM16": {
        "RMSE": 0.34466426131469535,
        "LogLoss": 0.4010966514798661,
        "RMSE(bins)": 0.10210173786472443
    },
    "SM17": {
        "RMSE": 0.3569690868756873,
        "LogLoss": 0.42921614355811794,
        "RMSE(bins)": 0.1379328022259952
    },
    "user": "reallyyy",
    "size": 8984
}