{
    "FSRS": {
        "RMSE": 0.3295109205230322,
        "LogLoss": 0.37493111821781505,
        "UniversalMetric": 0.16916343516886795
    },
    "SM16": {
        "RMSE": 0.2740520219550084,
        "LogLoss": 0.2846341532206854,
        "UniversalMetric": 0.13114539704321754
    },
    "SM17": {
        "RMSE": 0.2453470873625993,
        "LogLoss": 0.24448999498458734,
        "UniversalMetric": 0.06172843341235287
    },
    "user": "anonym1",
    "size": 1071
}