{
    "FSRS-6": {
        "RMSE(bins)": 0.04821513379196151,
        "LogLoss": 0.38001982021038505,
        "AUC": 0.7640063359371573
    },
    "FSRS-5": {
        "RMSE(bins)": 0.05341473582064148,
        "LogLoss": 0.3825757872006307,
        "AUC": 0.7622657145553744
    },
    "FSRS-4.5": {
        "RMSE(bins)": 0.051274681401829225,
        "LogLoss": 0.3813760443635839,
        "AUC": 0.7626486667679897
    },
    "FSRSv4": {
        "RMSE(bins)": 0.05337456485237304,
        "LogLoss": 0.386472855093958,
        "AUC": 0.7622300447224378
    },
    "FSRSv3": {
        "RMSE(bins)": 0.06587434111483319,
        "LogLoss": 0.40653905115563715,
        "AUC": 0.747489153933718
    },
    "SM16": {
        "RMSE(bins)": 0.11763002854649963,
        "LogLoss": 0.4397779356535619,
        "AUC": 0.6528177617157677
    },
    "SM17": {
        "RMSE(bins)": 0.10311454855094063,
        "LogLoss": 0.44297188446976504,
        "AUC": 0.6265761192019351
    },
    "user": "WolfSlytherin",
    "size": 8163
}