{
    "FSRS-6": {
        "RMSE(bins)": 0.12631780274904514,
        "LogLoss": 0.2817396251511585,
        "AUC": 0.5041378173425651
    },
    "FSRS-5": {
        "RMSE(bins)": 0.21594133727250348,
        "LogLoss": 0.37901234561942726,
        "AUC": 0.4984586218265743
    },
    "FSRS-4.5": {
        "RMSE(bins)": 0.20740914351224843,
        "LogLoss": 0.3661096186545499,
        "AUC": 0.5020524233432245
    },
    "FSRSv4": {
        "RMSE(bins)": 0.27423570741195946,
        "LogLoss": 0.46438285312773564,
        "AUC": 0.48996867787668974
    },
    "FSRSv3": {
        "RMSE(bins)": 0.22887855473767457,
        "LogLoss": 0.3897566413784968,
        "AUC": 0.5066765578635015
    },
    "SM16": {
        "RMSE(bins)": 0.13299249522116632,
        "LogLoss": 0.2846341532206854,
        "AUC": 0.6236234751071545
    },
    "SM17": {
        "RMSE(bins)": 0.07972431290679556,
        "LogLoss": 0.24448999498458734,
        "AUC": 0.6023986152324431
    },
    "AVG": {
        "RMSE(bins)": 0.04614484541527103,
        "LogLoss": 0.21936557793941705,
        "AUC": 0.04614484541527103
    },
    "user": "anonym1",
    "size": 1071
}