{
    "FSRS-5": {
        "RMSE(bins)": 0.08356271237982407,
        "LogLoss": 0.29767567067649353
    },
    "FSRS-4.5": {
        "RMSE(bins)": 0.06284062059276742,
        "LogLoss": 0.2875844016616142
    },
    "FSRSv4": {
        "RMSE(bins)": 0.07575296207572839,
        "LogLoss": 0.29897720336078754
    },
    "FSRSv3": {
        "RMSE(bins)": 0.06447375234598111,
        "LogLoss": 0.287720277781069
    },
    "SM16": {
        "RMSE(bins)": 0.08028764565396042,
        "LogLoss": 0.30796893968444516
    },
    "SM17": {
        "RMSE(bins)": 0.04951070034281402,
        "LogLoss": 0.2857662053164479
    },
    "user": "Hy-Fran",
    "size": 5140
}