{
    "FSRS-6": {
        "RMSE(bins)": 0.050771999741017065,
        "LogLoss": 0.36693196371819203
    },
    "FSRS-5": {
        "RMSE(bins)": 0.059977762252204456,
        "LogLoss": 0.37673737095032567
    },
    "FSRS-4.5": {
        "RMSE(bins)": 0.05699927640610128,
        "LogLoss": 0.37578843561907554
    },
    "FSRSv4": {
        "RMSE(bins)": 0.06089926118693853,
        "LogLoss": 0.3826083077894412
    },
    "FSRSv3": {
        "RMSE(bins)": 0.07995477109512296,
        "LogLoss": 0.4028373092353872
    },
    "SM16": {
        "RMSE(bins)": 0.08978291634488579,
        "LogLoss": 0.41884062365436864
    },
    "SM17": {
        "RMSE(bins)": 0.0782595186244417,
        "LogLoss": 0.4281070535322453
    },
    "user": "LMSherlock",
    "size": 30884
}