{
    "FSRS-5": {
        "RMSE(bins)": 0.08356271237982407,
        "LogLoss": 0.29767567067649353
    },
    "FSRSv4": {
        "RMSE(bins)": 0.08155186298785048,
        "LogLoss": 0.30199957325047927
    },
    "FSRSv3": {
        "RMSE(bins)": 0.06603645222954233,
        "LogLoss": 0.289068285748247
    },
    "SM16": {
        "RMSE(bins)": 0.08028764565396042,
        "LogLoss": 0.30796893968444516
    },
    "SM17": {
        "RMSE(bins)": 0.04951070034281402,
        "LogLoss": 0.2857662053164479
    },
    "user": "Hy-Fran",
    "size": 5140
}