{
    "FSRSv4": {
        "RMSE": 0.32998662692137637,
        "LogLoss": 0.3830085831877454,
        "RMSE(bins)": 0.2145577260743541
    },
    "FSRSv3": {
        "RMSE": 0.2939029619379844,
        "LogLoss": 0.32636240007050027,
        "RMSE(bins)": 0.15530092913705024
    },
    "SM16": {
        "RMSE": 0.2823649553326333,
        "LogLoss": 0.29136565234236333,
        "RMSE(bins)": 0.11511805956087055
    },
    "SM17": {
        "RMSE": 0.27554980675006835,
        "LogLoss": 0.2745870664363899,
        "RMSE(bins)": 0.10569378571279746
    },
    "user": "VSpade7",
    "size": 375
}