{
    "FSRS-6": {
        "RMSE(bins)": 0.13196162617157126,
        "LogLoss": 0.5751775260767675,
        "AUC": 0.6284403669724771
    },
    "FSRS-5": {
        "RMSE(bins)": 0.19164768731479115,
        "LogLoss": 0.6431136796350273,
        "AUC": 0.6141194898187514
    },
    "FSRS-4.5": {
        "RMSE(bins)": 0.17909029846053073,
        "LogLoss": 0.6268667557497364,
        "AUC": 0.616133363168494
    },
    "FSRSv4": {
        "RMSE(bins)": 0.25312348842368276,
        "LogLoss": 0.7311182555155068,
        "AUC": 0.6157977176102036
    },
    "FSRSv3": {
        "RMSE(bins)": 0.2314346615988138,
        "LogLoss": 0.9796874682129715,
        "AUC": 0.6066234056835982
    },
    "SM16": {
        "RMSE(bins)": 0.22854203862574263,
        "LogLoss": 0.786498636080741,
        "AUC": 0.6060639964197807
    },
    "SM17": {
        "RMSE(bins)": 0.2290832545802956,
        "LogLoss": 0.8452983440899096,
        "AUC": 0.6216155739539047
    },
    "AVG": {
        "RMSE(bins)": 0.16333387257615076,
        "LogLoss": 0.6371886095662384,
        "AUC": 0.44573730140971135
    },
    "user": "gracefeng",
    "size": 150
}