{
    "FSRS-6": {
        "RMSE(bins)": 0.04912722117986748,
        "LogLoss": 0.3795818233878334,
        "AUC": 0.7636161279044882
    },
    "FSRS-5": {
        "RMSE(bins)": 0.0636341844976339,
        "LogLoss": 0.3850719196278151,
        "AUC": 0.7618701338925891
    },
    "FSRS-4.5": {
        "RMSE(bins)": 0.062195183476157594,
        "LogLoss": 0.385280829180856,
        "AUC": 0.7598475878995519
    },
    "FSRSv4": {
        "RMSE(bins)": 0.07830130292736216,
        "LogLoss": 0.39603773666640607,
        "AUC": 0.7587350103619757
    },
    "FSRSv3": {
        "RMSE(bins)": 0.08670903630988565,
        "LogLoss": 0.45345130252026367,
        "AUC": 0.7414852674727901
    },
    "SM16": {
        "RMSE(bins)": 0.11763002854649963,
        "LogLoss": 0.4397779356535619,
        "AUC": 0.6528177617157677
    },
    "SM17": {
        "RMSE(bins)": 0.10311454855094063,
        "LogLoss": 0.44297188446976504,
        "AUC": 0.6265761192019351
    },
    "AVG": {
        "RMSE(bins)": 0.13946802313968618,
        "LogLoss": 0.466895875703992,
        "AUC": 0.48490595571003126
    },
    "user": "WolfSlytherin",
    "size": 8163
}