{
    "FSRS": {
        "RMSE": 0.421408448735408,
        "LogLoss": 0.5445202427780094,
        "UniversalMetric": 0.07019942711869172
    },
    "SM16": {
        "RMSE": 0.4538591253803948,
        "LogLoss": 0.6682920625461145,
        "UniversalMetric": 0.09837216517788203
    },
    "SM17": {
        "RMSE": 0.4392092527806011,
        "LogLoss": 0.6842575461418872,
        "UniversalMetric": 0.10131951908352874
    },
    "user": "Winston",
    "size": 8856
}