{
    "FSRS": {
        "RMSE": 0.33083950304333404,
        "LogLoss": 0.3690850045261701,
        "UniversalMetric": 0.026698349243637655
    },
    "SM16": {
        "RMSE": 0.3391512933314059,
        "LogLoss": 0.3967420922056975,
        "UniversalMetric": 0.038807535419776044
    },
    "SM17": {
        "RMSE": 0.34154950208704743,
        "LogLoss": 0.4339399751848948,
        "UniversalMetric": 0.055825048973504626
    },
    "user": "anonym2",
    "size": 6044
}