{
    "FSRS-6": {
        "RMSE(bins)": 0.0458905140528802,
        "LogLoss": 0.3682915244889636,
        "AUC": 0.6378866738206679
    },
    "FSRS-5": {
        "RMSE(bins)": 0.0578951624072387,
        "LogLoss": 0.37920021197685083,
        "AUC": 0.6376530485063574
    },
    "FSRS-4.5": {
        "RMSE(bins)": 0.0625703976340116,
        "LogLoss": 0.3805305083231683,
        "AUC": 0.6367535628986337
    },
    "FSRSv4": {
        "RMSE(bins)": 0.07378677430163422,
        "LogLoss": 0.39105768680727027,
        "AUC": 0.6316818106536071
    },
    "FSRSv3": {
        "RMSE(bins)": 0.0787997097465776,
        "LogLoss": 0.3996850238513364,
        "AUC": 0.6200671422264752
    },
    "SM16": {
        "RMSE(bins)": 0.06453069363833035,
        "LogLoss": 0.4010966514798661,
        "AUC": 0.60089117642787
    },
    "SM17": {
        "RMSE(bins)": 0.06968959946965898,
        "LogLoss": 0.46084751939206864,
        "AUC": 0.5543188425965488
    },
    "AVG": {
        "RMSE(bins)": 0.05734608631794711,
        "LogLoss": 0.37906708832642205,
        "AUC": 0.49720876859418245
    },
    "user": "reallyyy",
    "size": 8984
}