{
    "FSRS-4.5": {
        "RMSE": 0.4158545734019288,
        "LogLoss": 0.5261613376804423,
        "RMSE(bins)": 0.07795450798042922
    },
    "FSRSv4": {
        "RMSE": 0.4257278051573684,
        "LogLoss": 0.5524454325197622,
        "RMSE(bins)": 0.11156400431600977
    },
    "FSRSv3": {
        "RMSE": 0.4420726974506747,
        "LogLoss": 0.6336594871872758,
        "RMSE(bins)": 0.14913405504566166
    },
    "SM16": {
        "RMSE": 0.4538591253803948,
        "LogLoss": 0.6682920625461145,
        "RMSE(bins)": 0.17671582291835236
    },
    "SM17": {
        "RMSE": 0.4392092527806011,
        "LogLoss": 0.6842575461418872,
        "RMSE(bins)": 0.15823579396765497
    },
    "user": "Winston",
    "size": 8856
}