{
    "FSRS-6": {
        "RMSE(bins)": 0.07844982313041583,
        "LogLoss": 0.4291420448333242,
        "AUC": 0.5402145909192477
    },
    "FSRS-5": {
        "RMSE(bins)": 0.0881115152926878,
        "LogLoss": 0.4430238527306466,
        "AUC": 0.5346597336487042
    },
    "FSRS-4.5": {
        "RMSE(bins)": 0.08393987044345205,
        "LogLoss": 0.44320819185485716,
        "AUC": 0.534673937400653
    },
    "FSRSv4": {
        "RMSE(bins)": 0.08457248596568041,
        "LogLoss": 0.4456764363687897,
        "AUC": 0.5355508802199979
    },
    "FSRSv3": {
        "RMSE(bins)": 0.08235635664931965,
        "LogLoss": 0.45156921227203956,
        "AUC": 0.5311626746982139
    },
    "SM16": {
        "RMSE(bins)": 0.09004049085419014,
        "LogLoss": 0.4184812116434929,
        "AUC": 0.5819445396651278
    },
    "SM17": {
        "RMSE(bins)": 0.06082953969470781,
        "LogLoss": 0.40911199593090947,
        "AUC": 0.6044231277074414
    },
    "user": "KKKphelps",
    "size": 10380
}