{
    "FSRS-6": {
        "RMSE(bins)": 0.0674937892165553,
        "LogLoss": 0.4162686119869714,
        "AUC": 0.5452134784242628
    },
    "FSRS-5": {
        "RMSE(bins)": 0.08811153534728734,
        "LogLoss": 0.44300976765260464,
        "AUC": 0.5346243036194016
    },
    "FSRS-4.5": {
        "RMSE(bins)": 0.0839395917490976,
        "LogLoss": 0.443258492646334,
        "AUC": 0.5346510844366237
    },
    "FSRSv4": {
        "RMSE(bins)": 0.08457530786902041,
        "LogLoss": 0.4456783163185453,
        "AUC": 0.5355258054400212
    },
    "FSRSv3": {
        "RMSE(bins)": 0.08234935179102798,
        "LogLoss": 0.4514985029401307,
        "AUC": 0.5311639443073266
    },
    "SM16": {
        "RMSE(bins)": 0.09004049085419014,
        "LogLoss": 0.4184812116434929,
        "AUC": 0.5819445396651278
    },
    "SM17": {
        "RMSE(bins)": 0.08492383554381636,
        "LogLoss": 0.5532570844122937,
        "AUC": 0.5409273574102005
    },
    "AVG": {
        "RMSE(bins)": 0.03904639691923526,
        "LogLoss": 0.3967564504287779,
        "AUC": 0.5066734225741578
    },
    "user": "KKKphelps",
    "size": 10380
}