{
    "FSRS-6": {
        "RMSE(bins)": 0.045891394130546735,
        "LogLoss": 0.3616436908358946,
        "AUC": 0.6688992182959257
    },
    "FSRS-5": {
        "RMSE(bins)": 0.05997667363235632,
        "LogLoss": 0.37674925552785093,
        "AUC": 0.6538315077391752
    },
    "FSRS-4.5": {
        "RMSE(bins)": 0.056506915489272794,
        "LogLoss": 0.3756178349917171,
        "AUC": 0.6565814757706233
    },
    "FSRSv4": {
        "RMSE(bins)": 0.060900987168747034,
        "LogLoss": 0.38293101017957293,
        "AUC": 0.6494405446181958
    },
    "FSRSv3": {
        "RMSE(bins)": 0.0799624390055269,
        "LogLoss": 0.4035239126952899,
        "AUC": 0.626882729239321
    },
    "SM16": {
        "RMSE(bins)": 0.08978291634488579,
        "LogLoss": 0.41884062365436864,
        "AUC": 0.6069463589641556
    },
    "SM17": {
        "RMSE(bins)": 0.0775644076090128,
        "LogLoss": 0.46689109390175143,
        "AUC": 0.6033824044403603
    },
    "AVG": {
        "RMSE(bins)": 0.07588865677960838,
        "LogLoss": 0.3783121865996164,
        "AUC": 0.583823131425264
    },
    "user": "LMSherlock",
    "size": 30884
}