{
    "FSRS-5": {
        "RMSE(bins)": 0.0645721888903562,
        "LogLoss": 0.3536667886052471
    },
    "FSRSv4": {
        "RMSE(bins)": 0.06548632571027116,
        "LogLoss": 0.360065396739767
    },
    "FSRSv3": {
        "RMSE(bins)": 0.09471374178763926,
        "LogLoss": 0.3820538117513664
    },
    "SM16": {
        "RMSE(bins)": 0.10811298363474091,
        "LogLoss": 0.41674676470797933
    },
    "SM17": {
        "RMSE(bins)": 0.08975087106336656,
        "LogLoss": 0.4141360099698678
    },
    "user": "nocturne2014",
    "size": 35557
}