{
    "FSRS-6": {
        "RMSE(bins)": 0.17187651662645453,
        "LogLoss": 0.33549471086036653,
        "AUC": 0.5940096618357488
    },
    "FSRS-5": {
        "RMSE(bins)": 0.21673942143288183,
        "LogLoss": 0.3823266769528786,
        "AUC": 0.606135265700483
    },
    "FSRS-4.5": {
        "RMSE(bins)": 0.19833114682746508,
        "LogLoss": 0.3620132167381008,
        "AUC": 0.6098550724637681
    },
    "FSRSv4": {
        "RMSE(bins)": 0.27677335740913556,
        "LogLoss": 0.45664728801666016,
        "AUC": 0.5755072463768116
    },
    "FSRSv3": {
        "RMSE(bins)": 0.2000923675252479,
        "LogLoss": 0.35919630544605974,
        "AUC": 0.5883574879227053
    },
    "SM16": {
        "RMSE(bins)": 0.12029603469023295,
        "LogLoss": 0.29136565234236333,
        "AUC": 0.6452173913043476
    },
    "SM17": {
        "RMSE(bins)": 0.09924186646330767,
        "LogLoss": 0.29627281219795226,
        "AUC": 0.661256038647343
    },
    "AVG": {
        "RMSE(bins)": 0.10705716053428199,
        "LogLoss": 0.27169858977455646,
        "AUC": 0.6200966183574879
    },
    "user": "VSpade7",
    "size": 375,
    "parameters": {
        "FSRS-6": [
            0.2803,
            1.3554,
            2.3748,
            8.3171,
            6.3623,
            0.8734,
            3.0318,
            0.0031,
            1.9189,
            0.2299,
            0.844,
            1.5248,
            0.0194,
            0.3011,
            1.6969,
            0.6484,
            1.855,
            0.5425,
            0.0912,
            0.0658,
            0.1
        ],
        "FSRSv3": [
            1.027,
            1.7906,
            4.8079,
            -1.1406,
            -1.2651,
            0.0849,
            1.7742,
            -0.1691,
            1.1061,
            1.9089,
            -0.3648,
            0.6018,
            1.0996
        ],
        "FSRSv4": [
            0.4666,
            0.9653,
            2.3677,
            10.9212,
            4.8739,
            0.8795,
            0.8728,
            0.0011,
            1.5478,
            0.1971,
            0.9993,
            2.227,
            0.01,
            0.3852,
            1.3143,
            0.3375,
            2.5876
        ],
        "FSRS-4.5": [
            0.5541,
            1.4652,
            3.7822,
            13.8418,
            5.1097,
            1.1711,
            0.9062,
            0.0225,
            1.7002,
            0.1892,
            1.101,
            2.1433,
            0.0437,
            0.3585,
            1.6344,
            0.2747,
            2.8525
        ],
        "FSRS-5": [
            0.4694,
            1.2492,
            3.2407,
            15.7123,
            7.1387,
            0.5681,
            1.4707,
            0.0029,
            1.5999,
            0.1759,
            1.0755,
            1.9559,
            0.0937,
            0.31,
            2.2947,
            0.2787,
            2.9665,
            0.4601,
            0.6057
        ]
    }
}