{
    "FSRS-4.5": {
        "RMSE": 0.30866126114362435,
        "LogLoss": 0.347353881815104,
        "RMSE(bins)": 0.17879368622933373
    },
    "FSRSv4": {
        "RMSE": 0.3494169736416562,
        "LogLoss": 0.40757092331743,
        "RMSE(bins)": 0.23526197570446747
    },
    "FSRSv3": {
        "RMSE": 0.31889187492870347,
        "LogLoss": 0.3595886834985602,
        "RMSE(bins)": 0.18655281352725697
    },
    "SM16": {
        "RMSE": 0.2823649553326333,
        "LogLoss": 0.29136565234236333,
        "RMSE(bins)": 0.11511805956087055
    },
    "SM17": {
        "RMSE": 0.27554980675006835,
        "LogLoss": 0.2745870664363899,
        "RMSE(bins)": 0.10569378571279746
    },
    "user": "VSpade7",
    "size": 375
}