{
    "FSRS-5": {
        "RMSE(bins)": 0.05349414937707393,
        "LogLoss": 0.382964960662019
    },
    "FSRSv4": {
        "RMSE(bins)": 0.054636939210047676,
        "LogLoss": 0.3914123161286017
    },
    "FSRSv3": {
        "RMSE(bins)": 0.07130518839793297,
        "LogLoss": 0.41175699687779216
    },
    "SM16": {
        "RMSE(bins)": 0.11763002854649963,
        "LogLoss": 0.4397779356535619
    },
    "SM17": {
        "RMSE(bins)": 0.10311454855094063,
        "LogLoss": 0.44297188446976504
    },
    "user": "WolfSlytherin",
    "size": 8163
}