{
    "FSRS-5": {
        "RMSE(bins)": 0.20523427016925938,
        "LogLoss": 0.6508267046158364
    },
    "FSRSv4": {
        "RMSE(bins)": 0.2629952233786489,
        "LogLoss": 0.7289938971835351
    },
    "FSRSv3": {
        "RMSE(bins)": 0.2472195194124412,
        "LogLoss": 0.8339397327110959
    },
    "SM16": {
        "RMSE(bins)": 0.22854203862574263,
        "LogLoss": 0.786498636080741
    },
    "SM17": {
        "RMSE(bins)": 0.2290832545802956,
        "LogLoss": 0.8452983440899096
    },
    "user": "gracefeng",
    "size": 150
}