{
    "FSRS": {
        "RMSE": 0.32625263629360435,
        "LogLoss": 0.3622706103057555,
        "UniversalMetric": 0.05811718801961179
    },
    "SM16": {
        "RMSE": 0.35017764891991143,
        "LogLoss": 0.41674676470797933,
        "UniversalMetric": 0.06349365492916767
    },
    "SM17": {
        "RMSE": 0.34273525807126887,
        "LogLoss": 0.4141360099698678,
        "UniversalMetric": 0.056110259982255356
    },
    "user": "nocturne2014",
    "size": 35557
}