{
    "FSRS-6": {
        "RMSE(bins)": 0.0470561790575761,
        "LogLoss": 0.36618878855063797,
        "AUC": 0.6841887799909847
    },
    "FSRS-5": {
        "RMSE(bins)": 0.0500707405521728,
        "LogLoss": 0.3675771035446326,
        "AUC": 0.683641835591035
    },
    "FSRS-4.5": {
        "RMSE(bins)": 0.05042794317396262,
        "LogLoss": 0.3673652356523433,
        "AUC": 0.6837216858711594
    },
    "FSRSv4": {
        "RMSE(bins)": 0.056707207158605284,
        "LogLoss": 0.3717616867205096,
        "AUC": 0.6787396287694436
    },
    "FSRSv3": {
        "RMSE(bins)": 0.05455422308596947,
        "LogLoss": 0.3744832521648322,
        "AUC": 0.6779245555341287
    },
    "SM16": {
        "RMSE(bins)": 0.07256873158392757,
        "LogLoss": 0.3967420922056975,
        "AUC": 0.6149647109792094
    },
    "SM17": {
        "RMSE(bins)": 0.07369271012542368,
        "LogLoss": 0.41465827598918464,
        "AUC": 0.5541718709436958
    },
    "user": "anonym2",
    "size": 6044
}