{
    "FSRS-6": {
        "RMSE(bins)": 0.057782327132135276,
        "LogLoss": 0.3700893226864037,
        "AUC": 0.6693549994560575
    },
    "FSRS-5": {
        "RMSE(bins)": 0.06165996755069185,
        "LogLoss": 0.37131981709418155,
        "AUC": 0.6761708512616225
    },
    "FSRS-4.5": {
        "RMSE(bins)": 0.058457366522329954,
        "LogLoss": 0.369819382040603,
        "AUC": 0.6790711575264713
    },
    "FSRSv4": {
        "RMSE(bins)": 0.08130360171655943,
        "LogLoss": 0.38265840975404447,
        "AUC": 0.6650816285998967
    },
    "FSRSv3": {
        "RMSE(bins)": 0.06414625413735577,
        "LogLoss": 0.3789697766506458,
        "AUC": 0.6704323178218861
    },
    "SM16": {
        "RMSE(bins)": 0.07256873158392757,
        "LogLoss": 0.3967420922056975,
        "AUC": 0.6149647109792094
    },
    "SM17": {
        "RMSE(bins)": 0.07369271012542368,
        "LogLoss": 0.41465827598918464,
        "AUC": 0.5541718709436958
    },
    "AVG": {
        "RMSE(bins)": 0.07850242784337122,
        "LogLoss": 0.3887224027494223,
        "AUC": 0.5134057213145974
    },
    "user": "anonym2",
    "size": 6044
}