{
    "FSRS-4.5": {
        "RMSE": 0.3494648867406811,
        "LogLoss": 0.4430315517885474,
        "RMSE(bins)": 0.08622464482841952
    },
    "FSRSv3": {
        "RMSE": 0.3505886318358735,
        "LogLoss": 0.4542577298348289,
        "RMSE(bins)": 0.09197933016299735
    },
    "SM16": {
        "RMSE": 0.3504324175744741,
        "LogLoss": 0.4184812116434929,
        "RMSE(bins)": 0.08803733688111492
    },
    "SM17": {
        "RMSE": 0.34189923852848575,
        "LogLoss": 0.40911199593090947,
        "RMSE(bins)": 0.05194283738097076
    },
    "user": "KKKphelps",
    "size": 10380
}