{
    "FSRS": {
        "RMSE": 0.5124446113663559,
        "LogLoss": 0.7683078729444108,
        "UniversalMetric": 0.11942302008289284
    },
    "SM16": {
        "RMSE": 0.5330420266814739,
        "LogLoss": 0.874938171865501,
        "UniversalMetric": 0.2097994951701208
    },
    "SM17": {
        "RMSE": 0.522613187703381,
        "LogLoss": 0.8150247745731314,
        "UniversalMetric": 0.17913460292297742
    },
    "user": "Hansel221",
    "size": 7063
}