{
    "FSRS-6": {
        "RMSE(bins)": 0.04577836764501051,
        "LogLoss": 0.37915126278310046,
        "AUC": 0.7639122318282141
    },
    "FSRS-5": {
        "RMSE(bins)": 0.0534147442546016,
        "LogLoss": 0.3825731069107105,
        "AUC": 0.7622765705914856
    },
    "FSRS-4.5": {
        "RMSE(bins)": 0.05122305102303929,
        "LogLoss": 0.38147408838958935,
        "AUC": 0.7622903621883819
    },
    "FSRSv4": {
        "RMSE(bins)": 0.053381523514184515,
        "LogLoss": 0.3864901645123465,
        "AUC": 0.7622446671384242
    },
    "FSRSv3": {
        "RMSE(bins)": 0.0658692934595023,
        "LogLoss": 0.40801261089208785,
        "AUC": 0.7474294457351066
    },
    "SM16": {
        "RMSE(bins)": 0.11763002854649963,
        "LogLoss": 0.4397779356535619,
        "AUC": 0.6528177617157677
    },
    "SM17": {
        "RMSE(bins)": 0.10169109577100072,
        "LogLoss": 0.47544562623298325,
        "AUC": 0.6475050613498972
    },
    "AVG": {
        "RMSE(bins)": 0.11140140538135553,
        "LogLoss": 0.44292403420527576,
        "AUC": 0.5206111261520137
    },
    "user": "WolfSlytherin",
    "size": 8163
}