{
    "FSRS-6": {
        "RMSE(bins)": 0.05214590133165621,
        "LogLoss": 0.4609256031856497,
        "AUC": 0.6710064903613291
    },
    "FSRS-5": {
        "RMSE(bins)": 0.09981366514513357,
        "LogLoss": 0.4929288627544525,
        "AUC": 0.6389427061470072
    },
    "FSRS-4.5": {
        "RMSE(bins)": 0.0880762203340306,
        "LogLoss": 0.484782007964786,
        "AUC": 0.6470470470470471
    },
    "FSRSv4": {
        "RMSE(bins)": 0.11562300161677982,
        "LogLoss": 0.5102172889646156,
        "AUC": 0.6293718449632428
    },
    "FSRSv3": {
        "RMSE(bins)": 0.11070304910167482,
        "LogLoss": 0.5182866835446011,
        "AUC": 0.6268257504816644
    },
    "SM16": {
        "RMSE(bins)": 0.1044652647525207,
        "LogLoss": 0.5255545315753065,
        "AUC": 0.6156893452592377
    },
    "SM17": {
        "RMSE(bins)": 0.09330015922582868,
        "LogLoss": 0.5354433066833889,
        "AUC": 0.6459653201588685
    },
    "user": "Shore3145",
    "size": 3456
}