{
    "FSRS-6": {
        "RMSE(bins)": 0.16766297723862061,
        "LogLoss": 0.31344659055385293,
        "AUC": 0.5101302340916585
    },
    "FSRS-5": {
        "RMSE(bins)": 0.25233280905437505,
        "LogLoss": 0.4133519258378332,
        "AUC": 0.5241097922848665
    },
    "FSRS-4.5": {
        "RMSE(bins)": 0.2383492369070639,
        "LogLoss": 0.3943656582544542,
        "AUC": 0.5262611275964391
    },
    "FSRSv4": {
        "RMSE(bins)": 0.3286547544067494,
        "LogLoss": 0.5475927848587385,
        "AUC": 0.5101219914276294
    },
    "FSRSv3": {
        "RMSE(bins)": 0.32354629265051343,
        "LogLoss": 0.5542369332070646,
        "AUC": 0.5068661391361688
    },
    "SM16": {
        "RMSE(bins)": 0.13299249522116632,
        "LogLoss": 0.2846341532206854,
        "AUC": 0.6236234751071545
    },
    "SM17": {
        "RMSE(bins)": 0.050716505103045914,
        "LogLoss": 0.2373437627433637,
        "AUC": 0.6436861193537751
    },
    "AVG": {
        "RMSE(bins)": 0.04784280271182612,
        "LogLoss": 0.2178587454516398,
        "AUC": 0.5064952192548632
    },
    "user": "anonym1",
    "size": 1071,
    "parameters": {
        "FSRS-6": [
            0.4217,
            1.5658,
            2.6146,
            8.564,
            6.2224,
            0.8754,
            2.8685,
            0.187,
            2.021,
            0.3494,
            0.9476,
            1.6737,
            0.001,
            0.4367,
            1.7254,
            0.6333,
            1.8637,
            0.5327,
            0.0814,
            0.0658,
            0.1
        ],
        "FSRSv3": [
            1.253,
            2.0273,
            4.6215,
            -1.0628,
            -1.2097,
            0.2244,
            1.9549,
            -0.1509,
            1.276,
            2.0979,
            -0.1744,
            0.6932,
            1.2064
        ],
        "FSRSv4": [
            0.6548,
            1.1958,
            2.6053,
            11.1696,
            4.6236,
            0.7396,
            0.6447,
            0.2391,
            1.7942,
            0.1572,
            1.2376,
            2.398,
            0.01,
            0.5245,
            1.4413,
            0.5182,
            2.6504
        ],
        "FSRS-4.5": [
            0.7248,
            1.6909,
            4.0218,
            14.0842,
            4.8936,
            1.041,
            0.6824,
            0.2535,
            1.9075,
            0.1996,
            1.2976,
            2.253,
            0.0113,
            0.4477,
            1.7052,
            0.4412,
            2.8477
        ],
        "FSRS-5": [
            0.64,
            1.4762,
            3.4802,
            15.9514,
            6.914,
            0.6639,
            1.2605,
            0.183,
            1.8281,
            0.1952,
            1.2933,
            2.044,
            0.0115,
            0.3912,
            2.3029,
            0.4598,
            2.9767,
            0.3144,
            0.4614
        ]
    }
}