{
    "FSRS-4.5": {
        "RMSE": 0.3302752865092527,
        "LogLoss": 0.3761847296159191,
        "RMSE(bins)": 0.06275864365789692
    },
    "FSRSv3": {
        "RMSE": 0.3436573546365446,
        "LogLoss": 0.4066416265323411,
        "RMSE(bins)": 0.10605340853892418
    },
    "SM16": {
        "RMSE": 0.35049174320024673,
        "LogLoss": 0.41884062365436864,
        "RMSE(bins)": 0.12361124785364068
    },
    "SM17": {
        "RMSE": 0.35330189157407577,
        "LogLoss": 0.4281070535322453,
        "RMSE(bins)": 0.13743594549806337
    },
    "user": "LMSherlock",
    "size": 30884
}