{
    "FSRS-4.5": {
        "RMSE(bins)": 0.20657909894497728,
        "LogLoss": 0.3615833663050601
    },
    "FSRSv4": {
        "RMSE(bins)": 0.2795212518443839,
        "LogLoss": 0.4715719032349516
    },
    "FSRSv3": {
        "RMSE(bins)": 0.24070909175993702,
        "LogLoss": 0.40251394501384574
    },
    "SM16": {
        "RMSE(bins)": 0.13299249522116632,
        "LogLoss": 0.2846341532206854
    },
    "SM17": {
        "RMSE(bins)": 0.07972431290679556,
        "LogLoss": 0.24448999498458734
    },
    "user": "anonym1",
    "size": 1071
}