{
    "FSRS": {
        "RMSE": 0.35051406887139447,
        "LogLoss": 0.44855006574598066,
        "UniversalMetric": 0.03664999346790161,
        "RMSE(bins)": 0.09102812671180134
    },
    "SM16": {
        "RMSE": 0.3504324175744741,
        "LogLoss": 0.4184812116434929,
        "UniversalMetric": 0.045587080663753804,
        "RMSE(bins)": 0.08803733688111492
    },
    "SM17": {
        "RMSE": 0.34189923852848575,
        "LogLoss": 0.40911199593090947,
        "UniversalMetric": 0.04159085136224783,
        "RMSE(bins)": 0.05194283738097076
    },
    "user": "KKKphelps",
    "size": 10380
}