{
    "FSRSv4": {
        "RMSE": 0.32949401028398617,
        "LogLoss": 0.37513624189794037,
        "RMSE(bins)": 0.23856368229677993
    },
    "FSRSv3": {
        "RMSE": 0.2947960557627616,
        "LogLoss": 0.3256753724430675,
        "RMSE(bins)": 0.1872893507606979
    },
    "SM16": {
        "RMSE": 0.2740520219550084,
        "LogLoss": 0.2846341532206854,
        "RMSE(bins)": 0.15742925177179387
    },
    "SM17": {
        "RMSE": 0.2453470873625993,
        "LogLoss": 0.24448999498458734,
        "RMSE(bins)": 0.10433062734814336
    },
    "user": "anonym1",
    "size": 1071
}