{
    "FSRS": {
        "RMSE": 0.5124446113663559,
        "LogLoss": 0.7683078729444108,
        "UniversalMetric": 0.11985751586995377,
        "RMSE(bins)": 0.1920845530501201
    },
    "SM16": {
        "RMSE": 0.5330420266814739,
        "LogLoss": 0.874938171865501,
        "UniversalMetric": 0.2071611233540005,
        "RMSE(bins)": 0.23802636403151084
    },
    "SM17": {
        "RMSE": 0.522613187703381,
        "LogLoss": 0.8150247745731314,
        "UniversalMetric": 0.17281688920025012,
        "RMSE(bins)": 0.2162174732538964
    },
    "user": "Hansel221",
    "size": 7063
}