{
    "FSRS-5": {
        "RMSE(bins)": 0.07631396118042244,
        "LogLoss": 0.385724673608823
    },
    "FSRSv4": {
        "RMSE(bins)": 0.07561590759813033,
        "LogLoss": 0.39261665378179067
    },
    "FSRSv3": {
        "RMSE(bins)": 0.08106856876003093,
        "LogLoss": 0.4018481455001858
    },
    "SM16": {
        "RMSE(bins)": 0.06453069363833035,
        "LogLoss": 0.4010966514798661
    },
    "SM17": {
        "RMSE(bins)": 0.08777344847683197,
        "LogLoss": 0.42921614355811794
    },
    "user": "reallyyy",
    "size": 8984
}