{
    "FSRS-6": {
        "RMSE(bins)": 0.07695041884510005,
        "LogLoss": 0.47307672278979246,
        "AUC": 0.6448771351997159
    },
    "FSRS-5": {
        "RMSE(bins)": 0.1317189312081629,
        "LogLoss": 0.5109651024043467,
        "AUC": 0.6274858191524858
    },
    "FSRS-4.5": {
        "RMSE(bins)": 0.12186603057011042,
        "LogLoss": 0.5042696780189353,
        "AUC": 0.6311351674254901
    },
    "FSRSv4": {
        "RMSE(bins)": 0.18118875492907563,
        "LogLoss": 0.567422729827461,
        "AUC": 0.6040997987234547
    },
    "FSRSv3": {
        "RMSE(bins)": 0.167645424406309,
        "LogLoss": 0.5943963182669193,
        "AUC": 0.6008917519670207
    },
    "SM16": {
        "RMSE(bins)": 0.1044652647525207,
        "LogLoss": 0.5255545315753065,
        "AUC": 0.6156893452592377
    },
    "SM17": {
        "RMSE(bins)": 0.09330015922582868,
        "LogLoss": 0.5354433066833889,
        "AUC": 0.6459653201588685
    },
    "AVG": {
        "RMSE(bins)": 0.10537671529206309,
        "LogLoss": 0.503305762325578,
        "AUC": 0.4581842595283456
    },
    "user": "Shore3145",
    "size": 3456
}