{
    "FSRS-6": {
        "RMSE(bins)": 0.029304677677743692,
        "LogLoss": 0.2465333845550291,
        "AUC": 0.7696748688826253
    },
    "FSRS-5": {
        "RMSE(bins)": 0.02700339803756648,
        "LogLoss": 0.24941237400871685,
        "AUC": 0.7679595779917727
    },
    "FSRS-4.5": {
        "RMSE(bins)": 0.026892333591060958,
        "LogLoss": 0.24957238751937447,
        "AUC": 0.7672640223982056
    },
    "FSRSv4": {
        "RMSE(bins)": 0.030066611648696947,
        "LogLoss": 0.25331035275750896,
        "AUC": 0.7625434307338849
    },
    "FSRSv3": {
        "RMSE(bins)": 0.05587038745390023,
        "LogLoss": 0.270644380970701,
        "AUC": 0.7187408888474859
    },
    "SM16": {
        "RMSE(bins)": 0.1083979964301243,
        "LogLoss": 0.3112532079484792,
        "AUC": 0.586905059825495
    },
    "SM17": {
        "RMSE(bins)": 0.06282105091517003,
        "LogLoss": 0.278126105220727,
        "AUC": 0.6612617340377474
    },
    "user": "Leee",
    "size": 45275
}