{
    "FSRS": {
        "RMSE": 0.3333187367064327,
        "LogLoss": 0.3824919978579666,
        "UniversalMetric": 0.04449981336325391,
        "RMSE(bins)": 0.07570277722995045
    },
    "SM16": {
        "RMSE": 0.35049174320024673,
        "LogLoss": 0.41884062365436864,
        "UniversalMetric": 0.054037166584073974,
        "RMSE(bins)": 0.12361124785364068
    },
    "SM17": {
        "RMSE": 0.35330189157407577,
        "LogLoss": 0.4281070535322453,
        "UniversalMetric": 0.057344016511287954,
        "RMSE(bins)": 0.13743594549806337
    },
    "user": "LMSherlock",
    "size": 30884
}