{
    "FSRS-6": {
        "RMSE(bins)": 0.04324326051559414,
        "LogLoss": 0.34168462478490813,
        "AUC": 0.6835126650973886
    },
    "FSRS-5": {
        "RMSE(bins)": 0.06540619124073836,
        "LogLoss": 0.3541808201094775,
        "AUC": 0.6677718469306287
    },
    "FSRS-4.5": {
        "RMSE(bins)": 0.055992605624552556,
        "LogLoss": 0.3520847681939603,
        "AUC": 0.6732452314287098
    },
    "FSRSv4": {
        "RMSE(bins)": 0.06171082440070388,
        "LogLoss": 0.357622415272563,
        "AUC": 0.6683759736244398
    },
    "FSRSv3": {
        "RMSE(bins)": 0.09181450264891314,
        "LogLoss": 0.3797151539244758,
        "AUC": 0.641483342214006
    },
    "SM16": {
        "RMSE(bins)": 0.10811298363474091,
        "LogLoss": 0.41674676470797933,
        "AUC": 0.5897869954841342
    },
    "SM17": {
        "RMSE(bins)": 0.08610546344151918,
        "LogLoss": 0.4531298003593506,
        "AUC": 0.6038332778021807
    },
    "AVG": {
        "RMSE(bins)": 0.06344944714913942,
        "LogLoss": 0.3627588542923378,
        "AUC": 0.5544313251092445
    },
    "user": "nocturne2014",
    "size": 35557
}