{
    "FSRS-6": {
        "RMSE(bins)": 0.04403884537681161,
        "LogLoss": 0.4039219629353095,
        "AUC": 0.6382966050467065
    },
    "FSRS-5": {
        "RMSE(bins)": 0.07164523740908156,
        "LogLoss": 0.41934982017338074,
        "AUC": 0.6289764852797595
    },
    "FSRS-4.5": {
        "RMSE(bins)": 0.07221726770666367,
        "LogLoss": 0.41918011695563595,
        "AUC": 0.6286879801416062
    },
    "FSRSv4": {
        "RMSE(bins)": 0.0884007175871102,
        "LogLoss": 0.4290897471565265,
        "AUC": 0.6261036347797273
    },
    "FSRSv3": {
        "RMSE(bins)": 0.10559753271098973,
        "LogLoss": 0.45001976007722644,
        "AUC": 0.6076269116706812
    },
    "SM16": {
        "RMSE(bins)": 0.08538488518726732,
        "LogLoss": 0.43212621616946734,
        "AUC": 0.6047996474613306
    },
    "SM17": {
        "RMSE(bins)": 0.06643489306786703,
        "LogLoss": 0.4306079454433818,
        "AUC": 0.5495961349998355
    },
    "AVG": {
        "RMSE(bins)": 0.08456133393342755,
        "LogLoss": 0.4257440770788218,
        "AUC": 0.5454560366023632
    },
    "user": "shisuu",
    "size": 21390,
    "parameters": {
        "FSRS-6": [
            0.1821,
            2.7364,
            8.4864,
            12.894,
            6.1295,
            1.0559,
            1.6842,
            0.001,
            2.3769,
            0.5488,
            0.8504,
            1.9648,
            0.001,
            0.3359,
            1.5675,
            0.2414,
            1.0,
            0.6087,
            0.0,
            0.0658,
            0.1
        ],
        "FSRSv3": [
            0.6458,
            5.0,
            2.9192,
            -3.4072,
            -0.9557,
            0.0827,
            1.9998,
            -0.6494,
            1.4995,
            1.7058,
            -0.2946,
            0.2148,
            0.0101
        ],
        "FSRSv4": [
            0.5528,
            5.8238,
            12.7119,
            20.5514,
            4.4065,
            1.9686,
            0.3673,
            0.0351,
            2.4004,
            0.5523,
            1.1066,
            3.5653,
            0.01,
            0.2057,
            1.6433,
            0.3483,
            1.2372
        ],
        "FSRS-4.5": [
            0.4799,
            4.6858,
            12.2833,
            21.2112,
            4.6266,
            1.7757,
            0.3369,
            0.0312,
            2.394,
            0.5498,
            1.125,
            3.3469,
            0.0101,
            0.2141,
            1.8329,
            0.3221,
            1.1118
        ],
        "FSRS-5": [
            0.474,
            4.814,
            11.9892,
            22.044,
            7.1095,
            1.0947,
            1.5879,
            0.001,
            2.2526,
            0.4861,
            0.9528,
            3.1126,
            0.001,
            0.2349,
            1.6438,
            0.3235,
            1.0322,
            0.0965,
            0.2143
        ]
    }
}