{
    "FSRS-6": {
        "RMSE(bins)": 0.04729548463675863,
        "LogLoss": 0.3715741811615014,
        "AUC": 0.6283754776511772
    },
    "FSRS-5": {
        "RMSE(bins)": 0.062402450975410244,
        "LogLoss": 0.3857357098853573,
        "AUC": 0.6367168583914216
    },
    "FSRS-4.5": {
        "RMSE(bins)": 0.06546224363905408,
        "LogLoss": 0.3863669460774812,
        "AUC": 0.6336445447700976
    },
    "FSRSv4": {
        "RMSE(bins)": 0.08789636185989111,
        "LogLoss": 0.40738042208203895,
        "AUC": 0.6232459101777656
    },
    "FSRSv3": {
        "RMSE(bins)": 0.1110856934913961,
        "LogLoss": 0.45299111938625514,
        "AUC": 0.6046283933232475
    },
    "SM16": {
        "RMSE(bins)": 0.06453069363833035,
        "LogLoss": 0.4010966514798661,
        "AUC": 0.60089117642787
    },
    "SM17": {
        "RMSE(bins)": 0.06968959946965898,
        "LogLoss": 0.46084751939206864,
        "AUC": 0.5543188425965488
    },
    "AVG": {
        "RMSE(bins)": 0.05800831013791608,
        "LogLoss": 0.37886136362137557,
        "AUC": 0.5061098367741557
    },
    "user": "reallyyy",
    "size": 8984,
    "parameters": {
        "FSRS-6": [
            0.9706,
            4.102,
            3.9984,
            13.9645,
            9.1897,
            0.7321,
            2.6853,
            0.001,
            2.0585,
            0.5672,
            0.8856,
            1.6297,
            0.0978,
            0.2622,
            2.2276,
            0.4413,
            2.6382,
            1.3804,
            0.7552,
            0.0658,
            0.1
        ],
        "FSRSv3": [
            4.0274,
            5.0,
            4.8327,
            -3.2322,
            -0.8285,
            0.0506,
            2.0,
            -0.4,
            1.4891,
            2.0656,
            -0.4435,
            0.4432,
            0.9945
        ],
        "FSRSv4": [
            1.98,
            4.4785,
            6.2625,
            16.2516,
            4.8432,
            2.5022,
            0.6224,
            0.0522,
            2.1369,
            0.5633,
            1.2186,
            2.4234,
            0.1459,
            0.3364,
            0.654,
            0.8412,
            2.2698
        ],
        "FSRS-4.5": [
            1.8664,
            5.3754,
            7.6386,
            19.2205,
            5.1791,
            2.307,
            0.5752,
            0.0424,
            2.0314,
            0.5411,
            1.176,
            2.3266,
            0.2101,
            0.3302,
            0.9,
            0.8336,
            2.4417
        ],
        "FSRS-5": [
            1.7751,
            5.0959,
            6.9759,
            20.9818,
            9.2251,
            0.7601,
            3.0961,
            0.001,
            2.0475,
            0.5319,
            1.1818,
            2.1722,
            0.0806,
            0.2636,
            2.5426,
            0.8548,
            2.4535,
            0.7535,
            0.9063
        ]
    }
}