{
    "FSRS-6": {
        "RMSE(bins)": 0.08133471964492625,
        "LogLoss": 0.6430314313139787,
        "AUC": 0.6078800191594149
    },
    "FSRS-5": {
        "RMSE(bins)": 0.12317789421674988,
        "LogLoss": 0.7038924849603547,
        "AUC": 0.5695682874879662
    },
    "FSRS-4.5": {
        "RMSE(bins)": 0.16978450832869674,
        "LogLoss": 0.7995537027216612,
        "AUC": 0.5709063531897569
    },
    "FSRSv4": {
        "RMSE(bins)": 0.1460516161239344,
        "LogLoss": 0.7445201244499953,
        "AUC": 0.5508536385099331
    },
    "FSRSv3": {
        "RMSE(bins)": 0.1845986865148274,
        "LogLoss": 0.8055739724074319,
        "AUC": 0.5282694694934691
    },
    "SM16": {
        "RMSE(bins)": 0.2405453358625146,
        "LogLoss": 0.874938171865501,
        "AUC": 0.5314965304669222
    },
    "SM17": {
        "RMSE(bins)": 0.19689711204428534,
        "LogLoss": 0.8150247745731314,
        "AUC": 0.5293633104917075
    },
    "user": "Hansel221",
    "size": 7063
}