{
    "FSRS-4.5": {
        "RMSE(bins)": 0.08257054299054052,
        "LogLoss": 0.5252443146638505
    },
    "FSRSv4": {
        "RMSE(bins)": 0.10811583831706513,
        "LogLoss": 0.5535732825387962
    },
    "FSRSv3": {
        "RMSE(bins)": 0.12596698215573823,
        "LogLoss": 0.6336383218814386
    },
    "SM16": {
        "RMSE(bins)": 0.15969534163880444,
        "LogLoss": 0.6682920625461145
    },
    "SM17": {
        "RMSE(bins)": 0.12974823478796163,
        "LogLoss": 0.6842575461418872
    },
    "user": "Winston",
    "size": 8856
}