{
    "FSRS": {
        "RMSE": 0.2762492826790259,
        "LogLoss": 0.28448588864942503,
        "UniversalMetric": 0.05032239293827992,
        "RMSE(bins)": 0.0668118452136169
    },
    "SM16": {
        "RMSE": 0.2847599255076059,
        "LogLoss": 0.30796893968444516,
        "UniversalMetric": 0.05331107316584083,
        "RMSE(bins)": 0.08873985488782106
    },
    "SM17": {
        "RMSE": 0.2758642270934803,
        "LogLoss": 0.2857662053164479,
        "UniversalMetric": 0.03045067112802987,
        "RMSE(bins)": 0.06690535245024051
    },
    "user": "Hy-Fran",
    "size": 5140
}