{
    "FSRS-6": {
        "RMSE(bins)": 0.15821343823703887,
        "LogLoss": 0.32845572762377406,
        "AUC": 0.5535265700483092
    },
    "FSRS-5": {
        "RMSE(bins)": 0.18514321898862468,
        "LogLoss": 0.35673460923298794,
        "AUC": 0.5426086956521738
    },
    "FSRS-4.5": {
        "RMSE(bins)": 0.17399611038974716,
        "LogLoss": 0.34266925947464066,
        "AUC": 0.5528502415458938
    },
    "FSRSv4": {
        "RMSE(bins)": 0.23263531196576798,
        "LogLoss": 0.4057037005669431,
        "AUC": 0.5271497584541063
    },
    "FSRSv3": {
        "RMSE(bins)": 0.1589201991677831,
        "LogLoss": 0.3260371402242182,
        "AUC": 0.5458937198067633
    },
    "SM16": {
        "RMSE(bins)": 0.12029603469023295,
        "LogLoss": 0.29136565234236333,
        "AUC": 0.6452173913043476
    },
    "SM17": {
        "RMSE(bins)": 0.0921815087430627,
        "LogLoss": 0.2745870664363899,
        "AUC": 0.6987922705314009
    },
    "user": "VSpade7",
    "size": 375
}