{
    "FSRS-6": {
        "RMSE(bins)": 0.030184788962883062,
        "LogLoss": 0.25053024512600386,
        "AUC": 0.7614675497396909
    },
    "FSRS-5": {
        "RMSE(bins)": 0.03891126057158509,
        "LogLoss": 0.2574302499662986,
        "AUC": 0.7569007705900076
    },
    "FSRS-4.5": {
        "RMSE(bins)": 0.038632824084508334,
        "LogLoss": 0.2573668526326192,
        "AUC": 0.7546317911358822
    },
    "FSRSv4": {
        "RMSE(bins)": 0.048354076374660486,
        "LogLoss": 0.2679238777282821,
        "AUC": 0.745766225232581
    },
    "FSRSv3": {
        "RMSE(bins)": 0.06673871679755074,
        "LogLoss": 0.2819888825172727,
        "AUC": 0.7078896998531257
    },
    "SM16": {
        "RMSE(bins)": 0.1083979964301243,
        "LogLoss": 0.3112532079484792,
        "AUC": 0.586905059825495
    },
    "SM17": {
        "RMSE(bins)": 0.06282105091517003,
        "LogLoss": 0.278126105220727,
        "AUC": 0.6612617340377474
    },
    "AVG": {
        "RMSE(bins)": 0.07928268515726955,
        "LogLoss": 0.2885642487252786,
        "AUC": 0.5659907317125134
    },
    "user": "Leee",
    "size": 45275
}