{
    "FSRSv4": {
        "RMSE": 0.3939304720706752,
        "LogLoss": 0.4898165335319445,
        "RMSE(bins)": 0.10113049964462857
    },
    "FSRSv3": {
        "RMSE": 0.4037648812156889,
        "LogLoss": 0.5198711258873674,
        "RMSE(bins)": 0.12388272794919619
    },
    "SM16": {
        "RMSE": 0.40266189233280697,
        "LogLoss": 0.5255545315753065,
        "RMSE(bins)": 0.10859893253033272
    },
    "SM17": {
        "RMSE": 0.3993445255138354,
        "LogLoss": 0.5354433066833889,
        "RMSE(bins)": 0.11398982383764168
    },
    "user": "Shore3145",
    "size": 3456
}