{
    "FSRS-4.5": {
        "RMSE": 0.3213495374016839,
        "LogLoss": 0.35400677023454985,
        "RMSE(bins)": 0.06151063722459846
    },
    "FSRSv4": {
        "RMSE": 0.32412929911084576,
        "LogLoss": 0.35947043462810374,
        "RMSE(bins)": 0.0736229557840764
    },
    "FSRSv3": {
        "RMSE": 0.3347654511512814,
        "LogLoss": 0.3823043608274028,
        "RMSE(bins)": 0.10503194306768443
    },
    "SM16": {
        "RMSE": 0.35017764891991143,
        "LogLoss": 0.41674676470797933,
        "RMSE(bins)": 0.14149528151409904
    },
    "SM17": {
        "RMSE": 0.34273525807126887,
        "LogLoss": 0.4141360099698678,
        "RMSE(bins)": 0.1245314692432101
    },
    "user": "nocturne2014",
    "size": 35557
}