{
    "FSRS-4.5": {
        "RMSE": 0.4735924124099449,
        "LogLoss": 0.6425225524421391,
        "RMSE(bins)": 0.25102662062498515
    },
    "FSRSv4": {
        "RMSE": 0.5052920810541999,
        "LogLoss": 0.7289939128198528,
        "RMSE(bins)": 0.2932784198723735
    },
    "FSRSv3": {
        "RMSE": 0.5175454748473456,
        "LogLoss": 0.8890600654304993,
        "RMSE(bins)": 0.30964991437122646
    },
    "SM16": {
        "RMSE": 0.48621609736138244,
        "LogLoss": 0.786498636080741,
        "RMSE(bins)": 0.25774173291179464
    },
    "SM17": {
        "RMSE": 0.49768316561175086,
        "LogLoss": 0.8452983440899096,
        "RMSE(bins)": 0.27560415679889383
    },
    "user": "gracefeng",
    "size": 150
}