{
    "FSRS-6": {
        "RMSE(bins)": 0.04186955033213245,
        "LogLoss": 0.40379455714836954,
        "AUC": 0.6396470879203258
    },
    "FSRS-5": {
        "RMSE(bins)": 0.07164524239625283,
        "LogLoss": 0.4193498748872583,
        "AUC": 0.6289762918940296
    },
    "FSRS-4.5": {
        "RMSE(bins)": 0.07221454401460824,
        "LogLoss": 0.4191878713177456,
        "AUC": 0.6286671472243451
    },
    "FSRSv4": {
        "RMSE(bins)": 0.08839907762910258,
        "LogLoss": 0.4290872510621975,
        "AUC": 0.6261123898791332
    },
    "FSRSv3": {
        "RMSE(bins)": 0.1055975600746052,
        "LogLoss": 0.45001981623364845,
        "AUC": 0.6076267358654721
    },
    "SM16": {
        "RMSE(bins)": 0.08538488518726732,
        "LogLoss": 0.43212621616946734,
        "AUC": 0.6047996474613306
    },
    "SM17": {
        "RMSE(bins)": 0.06643489306786703,
        "LogLoss": 0.4306079454433818,
        "AUC": 0.5495961349998355
    },
    "AVG": {
        "RMSE(bins)": 0.08456133393342755,
        "LogLoss": 0.4257440770788218,
        "AUC": 0.5454560366023632
    },
    "user": "shisuu",
    "size": 21390
}