{
    "FSRS-6": {
        "RMSE(bins)": 0.03951387433951831,
        "LogLoss": 0.3685585219056856,
        "AUC": 0.6399483749980156
    },
    "FSRS-5": {
        "RMSE(bins)": 0.062402450975410244,
        "LogLoss": 0.3857357098853573,
        "AUC": 0.6367168583914216
    },
    "FSRS-4.5": {
        "RMSE(bins)": 0.06545764445400018,
        "LogLoss": 0.38636548278688143,
        "AUC": 0.6336497802289482
    },
    "FSRSv4": {
        "RMSE(bins)": 0.08787610189434142,
        "LogLoss": 0.4073663179521766,
        "AUC": 0.6232398865853246
    },
    "FSRSv3": {
        "RMSE(bins)": 0.1110856934913961,
        "LogLoss": 0.4529911193862551,
        "AUC": 0.6046283933232475
    },
    "SM16": {
        "RMSE(bins)": 0.06453069363833035,
        "LogLoss": 0.4010966514798661,
        "AUC": 0.60089117642787
    },
    "SM17": {
        "RMSE(bins)": 0.08777344847683197,
        "LogLoss": 0.42921614355811794,
        "AUC": 0.5810416941809733
    },
    "AVG": {
        "RMSE(bins)": 0.05800831013791608,
        "LogLoss": 0.37886136362137557,
        "AUC": 0.5061098367741557
    },
    "user": "reallyyy",
    "size": 8984
}