{
    "FSRS-4.5": {
        "RMSE(bins)": 0.06679823789886896,
        "LogLoss": 0.28813158957250307
    },
    "FSRSv4": {
        "RMSE(bins)": 0.08155187642506848,
        "LogLoss": 0.30199954640066784
    },
    "FSRSv3": {
        "RMSE(bins)": 0.0660364504590965,
        "LogLoss": 0.2890682883615287
    },
    "SM16": {
        "RMSE(bins)": 0.08028764565396042,
        "LogLoss": 0.30796893968444516
    },
    "SM17": {
        "RMSE(bins)": 0.04951070034281402,
        "LogLoss": 0.2857662053164479
    },
    "user": "Hy-Fran",
    "size": 5140
}