{
    "FSRS": {
        "RMSE": 0.3311476964899525,
        "LogLoss": 0.3715363048690419,
        "UniversalMetric": 0.04181674030813794
    },
    "SM16": {
        "RMSE": 0.35162383858926916,
        "LogLoss": 0.4189341752236384,
        "UniversalMetric": 0.05455825201216054
    },
    "SM17": {
        "RMSE": 0.35429926417226754,
        "LogLoss": 0.4890603838401848,
        "UniversalMetric": 0.05740253014226799
    },
    "user": "LMSherlock",
    "size": 27669
}