{
    "FSRS-5": {
        "RMSE(bins)": 0.058053134150805805,
        "LogLoss": 0.37960691009131736
    },
    "FSRS-4.5": {
        "RMSE(bins)": 0.06291141373282959,
        "LogLoss": 0.3811123556926425
    },
    "FSRSv4": {
        "RMSE(bins)": 0.07431750745931165,
        "LogLoss": 0.3916520296896698
    },
    "FSRSv3": {
        "RMSE(bins)": 0.07853322296409675,
        "LogLoss": 0.3993813878250532
    },
    "SM16": {
        "RMSE(bins)": 0.06453069363833035,
        "LogLoss": 0.4010966514798661
    },
    "SM17": {
        "RMSE(bins)": 0.08777344847683197,
        "LogLoss": 0.42921614355811794
    },
    "user": "reallyyy",
    "size": 8984
}