{
    "FSRS-4.5": {
        "RMSE(bins)": 0.052051330520030685,
        "LogLoss": 0.3836019123989888
    },
    "FSRSv4": {
        "RMSE(bins)": 0.054615587024559806,
        "LogLoss": 0.39142821272533584
    },
    "FSRSv3": {
        "RMSE(bins)": 0.0713051883169175,
        "LogLoss": 0.41175700087115
    },
    "SM16": {
        "RMSE(bins)": 0.11763002854649963,
        "LogLoss": 0.4397779356535619
    },
    "SM17": {
        "RMSE(bins)": 0.10311454855094063,
        "LogLoss": 0.44297188446976504
    },
    "user": "WolfSlytherin",
    "size": 8163
}