{
    "FSRS-5": {
        "RMSE(bins)": 0.1851432172249773,
        "LogLoss": 0.3567346018400276
    },
    "FSRSv4": {
        "RMSE(bins)": 0.23515483193270958,
        "LogLoss": 0.4075709233890147
    },
    "FSRSv3": {
        "RMSE(bins)": 0.16117199224771372,
        "LogLoss": 0.32827252257756023
    },
    "SM16": {
        "RMSE(bins)": 0.12029603469023295,
        "LogLoss": 0.29136565234236333
    },
    "SM17": {
        "RMSE(bins)": 0.0921815087430627,
        "LogLoss": 0.2745870664363899
    },
    "user": "VSpade7",
    "size": 375
}