{
    "FSRS-6": {
        "RMSE(bins)": 0.11432092819871137,
        "LogLoss": 0.4312773416792794,
        "AUC": 0.7096706197188263
    },
    "FSRS-5": {
        "RMSE(bins)": 0.12028977550336534,
        "LogLoss": 0.4493746695147124,
        "AUC": 0.6911334323123828
    },
    "FSRS-4.5": {
        "RMSE(bins)": 0.12282126055733407,
        "LogLoss": 0.44878097800031214,
        "AUC": 0.6907469863323374
    },
    "FSRSv4": {
        "RMSE(bins)": 0.13421685655763596,
        "LogLoss": 0.4702038076229567,
        "AUC": 0.6729460319787867
    },
    "FSRSv3": {
        "RMSE(bins)": 0.14328632277950934,
        "LogLoss": 0.49055012892580596,
        "AUC": 0.6575859498628346
    },
    "SM16": {
        "RMSE(bins)": 0.18532239630756184,
        "LogLoss": 0.5114346200783854,
        "AUC": 0.6578670014846858
    },
    "SM17": {
        "RMSE(bins)": 0.1457522924853873,
        "LogLoss": 0.522325215873826,
        "AUC": 0.7151144674377257
    },
    "AVG": {
        "RMSE(bins)": 0.15165244080472629,
        "LogLoss": 0.4725923542878906,
        "AUC": 0.15165244080472629
    },
    "user": "NoHeartPen",
    "size": 1493
}