{
    "FSRS": {
        "RMSE": 0.3388392371701512,
        "LogLoss": 0.38633319258666027,
        "UniversalMetric": 0.05713808755680799
    },
    "SM16": {
        "RMSE": 0.3446642613146954,
        "LogLoss": 0.4010966514798661,
        "UniversalMetric": 0.04541214830753164
    },
    "SM17": {
        "RMSE": 0.3569690868756873,
        "LogLoss": 0.42921614355811794,
        "UniversalMetric": 0.06230014823738961
    },
    "user": "reallyyy",
    "size": 8984
}