{
    "FSRS": {
        "RMSE": 0.3388392371701512,
        "LogLoss": 0.38633319258666027,
        "UniversalMetric": 0.05713808755680799
    },
    "SM16": {
        "RMSE": 0.3446642613146954,
        "LogLoss": 0.4010966514798661,
        "UniversalMetric": 0.04541214830753164
    },
    "SM17": {
        "RMSE": 0.35697407216945976,
        "LogLoss": 0.48110465265868474,
        "UniversalMetric": 0.06231060994273607
    },
    "user": "reallyyy",
    "size": 8984
}