{
    "FSRS-5": {
        "RMSE(bins)": 0.0645721888903562,
        "LogLoss": 0.3536667886052471
    },
    "FSRS-4.5": {
        "RMSE(bins)": 0.05571426074066901,
        "LogLoss": 0.35153040529095875
    },
    "FSRSv4": {
        "RMSE(bins)": 0.061449658122859095,
        "LogLoss": 0.3570324193718756
    },
    "FSRSv3": {
        "RMSE(bins)": 0.09184613432884904,
        "LogLoss": 0.37908496408230963
    },
    "SM16": {
        "RMSE(bins)": 0.10811298363474091,
        "LogLoss": 0.41674676470797933
    },
    "SM17": {
        "RMSE(bins)": 0.08975087106336656,
        "LogLoss": 0.4141360099698678
    },
    "user": "nocturne2014",
    "size": 35557
}