{
    "FSRS-6": {
        "RMSE(bins)": 0.04821513379196151,
        "LogLoss": 0.38001982021038505
    },
    "FSRS-5": {
        "RMSE(bins)": 0.05341473582064148,
        "LogLoss": 0.3825757872006307
    },
    "FSRS-4.5": {
        "RMSE(bins)": 0.051274681401829225,
        "LogLoss": 0.3813760443635839
    },
    "FSRSv4": {
        "RMSE(bins)": 0.05337456485237304,
        "LogLoss": 0.386472855093958
    },
    "FSRSv3": {
        "RMSE(bins)": 0.06587434111483319,
        "LogLoss": 0.40653905115563715
    },
    "SM16": {
        "RMSE(bins)": 0.11763002854649963,
        "LogLoss": 0.4397779356535619
    },
    "SM17": {
        "RMSE(bins)": 0.10311454855094063,
        "LogLoss": 0.44297188446976504
    },
    "user": "WolfSlytherin",
    "size": 8163
}