{
    "FSRS-4.5": {
        "RMSE": 0.3528232317107667,
        "LogLoss": 0.41158275967970115,
        "RMSE(bins)": 0.06658182795801283
    },
    "FSRSv3": {
        "RMSE": 0.36057581219138723,
        "LogLoss": 0.42734158907288683,
        "RMSE(bins)": 0.09455822509668613
    },
    "SM16": {
        "RMSE": 0.3603192287549551,
        "LogLoss": 0.43212621616946734,
        "RMSE(bins)": 0.089501147090211
    },
    "SM17": {
        "RMSE": 0.355217474425805,
        "LogLoss": 0.4306079454433818,
        "RMSE(bins)": 0.05387556923271753
    },
    "user": "shisuu",
    "size": 21390
}