{
    "FSRS-6": {
        "RMSE(bins)": 0.052842018857780136,
        "LogLoss": 0.34612751257662266,
        "AUC": 0.6775820178892232
    },
    "FSRS-5": {
        "RMSE(bins)": 0.06540675444343413,
        "LogLoss": 0.3541778094008426,
        "AUC": 0.6677739089003516
    },
    "FSRS-4.5": {
        "RMSE(bins)": 0.05598861488901888,
        "LogLoss": 0.352079164042367,
        "AUC": 0.6732377025761611
    },
    "FSRSv4": {
        "RMSE(bins)": 0.06170857554494946,
        "LogLoss": 0.35763205489915384,
        "AUC": 0.6683720246861146
    },
    "FSRSv3": {
        "RMSE(bins)": 0.09181155968772116,
        "LogLoss": 0.3793144595585391,
        "AUC": 0.6414987917694386
    },
    "SM16": {
        "RMSE(bins)": 0.10811298363474091,
        "LogLoss": 0.41674676470797933,
        "AUC": 0.5897869954841342
    },
    "SM17": {
        "RMSE(bins)": 0.08975087106336656,
        "LogLoss": 0.4141360099698678,
        "AUC": 0.6034049511469155
    },
    "user": "nocturne2014",
    "size": 35557
}