{
    "FSRS": {
        "RMSE": 0.2762492826790259,
        "LogLoss": 0.28448588864942503,
        "UniversalMetric": 0.05246399700695654
    },
    "SM16": {
        "RMSE": 0.2847599255076059,
        "LogLoss": 0.30796893968444516,
        "UniversalMetric": 0.051002122999428134
    },
    "SM17": {
        "RMSE": 0.2758642270934803,
        "LogLoss": 0.2857662053164479,
        "UniversalMetric": 0.03134241687828216
    },
    "user": "Hy-Fran",
    "size": 5140
}