{
    "FSRS": {
        "RMSE": 0.3551805849775757,
        "LogLoss": 0.4162272965556344,
        "UniversalMetric": 0.045808761360724884
    },
    "SM16": {
        "RMSE": 0.3603192287549551,
        "LogLoss": 0.43212621616946734,
        "UniversalMetric": 0.037112832735987845
    },
    "SM17": {
        "RMSE": 0.355217474425805,
        "LogLoss": 0.4306079454433818,
        "UniversalMetric": 0.042926479299037965
    },
    "user": "shisuu",
    "size": 21390
}