{
    "FSRS-6": {
        "RMSE(bins)": 0.1414803485582248,
        "LogLoss": 0.5759622985708008
    },
    "FSRS-5": {
        "RMSE(bins)": 0.20179686814495426,
        "LogLoss": 0.6449566448635446
    },
    "FSRS-4.5": {
        "RMSE(bins)": 0.19051853273150673,
        "LogLoss": 0.6358253600385189
    },
    "FSRSv4": {
        "RMSE(bins)": 0.25905333237905676,
        "LogLoss": 0.7207040043156475
    },
    "FSRSv3": {
        "RMSE(bins)": 0.24432423854334506,
        "LogLoss": 0.817795181502939
    },
    "SM16": {
        "RMSE(bins)": 0.22854203862574263,
        "LogLoss": 0.786498636080741
    },
    "SM17": {
        "RMSE(bins)": 0.2290832545802956,
        "LogLoss": 0.8452983440899096
    },
    "user": "gracefeng",
    "size": 150
}