{
    "FSRS-6": {
        "RMSE(bins)": 0.05984212239301581,
        "LogLoss": 0.3682525142101021,
        "AUC": 0.6511700867552965
    },
    "FSRS-5": {
        "RMSE(bins)": 0.0812216447298066,
        "LogLoss": 0.3910577442817714,
        "AUC": 0.6440330641988126
    },
    "FSRS-4.5": {
        "RMSE(bins)": 0.08297110053477666,
        "LogLoss": 0.3922122342645351,
        "AUC": 0.6426298341152126
    },
    "FSRSv4": {
        "RMSE(bins)": 0.10040869828703636,
        "LogLoss": 0.4144796167831841,
        "AUC": 0.6310183912436849
    },
    "FSRSv3": {
        "RMSE(bins)": 0.11743682647190941,
        "LogLoss": 0.45800307458974954,
        "AUC": 0.6126215907126391
    },
    "SM16": {
        "RMSE(bins)": 0.08977808927797369,
        "LogLoss": 0.4188277826307421,
        "AUC": 0.606959755821586
    },
    "SM17": {
        "RMSE(bins)": 0.07755767261827623,
        "LogLoss": 0.46782145764971916,
        "AUC": 0.6033793629089583
    },
    "AVG": {
        "RMSE(bins)": 0.07849384707516696,
        "LogLoss": 0.38130782580648237,
        "AUC": 0.5247533843006319
    },
    "user": "LMSherlock",
    "size": 30885,
    "parameters": {
        "FSRS-6": [
            1.252,
            8.6165,
            15.5224,
            36.6529,
            1.0,
            1.3994,
            2.4673,
            0.3961,
            1.3112,
            0.47,
            0.1496,
            2.201,
            0.001,
            0.2098,
            0.8758,
            0.0,
            4.1519,
            1.272,
            0.9245,
            0.0658,
            0.1
        ],
        "FSRSv3": [
            10.0,
            5.0,
            4.731,
            -2.132,
            -1.8572,
            0.05,
            1.9881,
            -0.4501,
            1.4479,
            2.9376,
            -0.0103,
            0.2653,
            0.1089
        ],
        "FSRSv4": [
            3.9723,
            16.3753,
            24.0372,
            39.7807,
            3.0621,
            2.4103,
            1.8312,
            0.0,
            2.9558,
            0.796,
            0.8538,
            4.9016,
            0.01,
            0.2175,
            0.0625,
            0.1947,
            3.0359
        ],
        "FSRS-4.5": [
            3.0413,
            15.6103,
            23.4285,
            41.4876,
            3.6746,
            2.1561,
            1.6984,
            0.0,
            3.0461,
            0.7968,
            0.6443,
            4.5543,
            0.01,
            0.1936,
            0.069,
            0.1167,
            3.1004
        ],
        "FSRS-5": [
            3.068,
            15.3731,
            22.9309,
            42.0312,
            9.0841,
            0.9323,
            3.8205,
            0.001,
            3.4067,
            0.7962,
            0.5911,
            4.5455,
            0.001,
            0.1917,
            0.0823,
            0.0948,
            3.119,
            0.0602,
            0.2814
        ]
    }
}