{
    "FSRS-4.5": {
        "RMSE": 0.27461179788063134,
        "LogLoss": 0.28193594280131057,
        "RMSE(bins)": 0.06127218411410981
    },
    "FSRSv3": {
        "RMSE": 0.2779038917481521,
        "LogLoss": 0.28801134922292193,
        "RMSE(bins)": 0.07016241106648273
    },
    "SM16": {
        "RMSE": 0.2847599255076059,
        "LogLoss": 0.30796893968444516,
        "RMSE(bins)": 0.08873985488782106
    },
    "SM17": {
        "RMSE": 0.2758642270934803,
        "LogLoss": 0.2857662053164479,
        "RMSE(bins)": 0.06690535245024051
    },
    "user": "Hy-Fran",
    "size": 5140
}