{
    "FSRS-6": {
        "RMSE(bins)": 0.07695041884510005,
        "LogLoss": 0.47307672278979246,
        "AUC": 0.6448771351997159
    },
    "FSRS-5": {
        "RMSE(bins)": 0.1317189312081629,
        "LogLoss": 0.5109651024043467,
        "AUC": 0.6274858191524858
    },
    "FSRS-4.5": {
        "RMSE(bins)": 0.12186603057011042,
        "LogLoss": 0.5042696780189353,
        "AUC": 0.6311351674254901
    },
    "FSRSv4": {
        "RMSE(bins)": 0.18118875492907563,
        "LogLoss": 0.567422729827461,
        "AUC": 0.6040997987234547
    },
    "FSRSv3": {
        "RMSE(bins)": 0.167645424406309,
        "LogLoss": 0.5943963182669193,
        "AUC": 0.6008917519670207
    },
    "SM16": {
        "RMSE(bins)": 0.1044652647525207,
        "LogLoss": 0.5255545315753065,
        "AUC": 0.6156893452592377
    },
    "SM17": {
        "RMSE(bins)": 0.09520108493121313,
        "LogLoss": 0.5912997772524864,
        "AUC": 0.6302138159665042
    },
    "AVG": {
        "RMSE(bins)": 0.10537671529206309,
        "LogLoss": 0.503305762325578,
        "AUC": 0.4581842595283456
    },
    "user": "Shore3145",
    "size": 3456,
    "parameters": {
        "FSRS-6": [
            0.1125,
            2.2187,
            3.91,
            9.3339,
            6.489,
            1.0039,
            3.1381,
            0.0194,
            1.9561,
            0.4597,
            0.8657,
            1.3808,
            0.2324,
            0.2312,
            1.2923,
            0.161,
            2.4294,
            0.5507,
            0.109,
            0.0658,
            0.1
        ],
        "FSRSv3": [
            1.7467,
            3.3656,
            4.7917,
            -1.8153,
            -1.5601,
            0.05,
            1.978,
            -0.2197,
            1.2144,
            2.0223,
            -0.2714,
            0.4557,
            0.7536
        ],
        "FSRSv4": [
            0.8327,
            2.1447,
            4.0188,
            12.2396,
            4.9527,
            1.725,
            1.1413,
            0.0,
            2.0071,
            0.3261,
            1.3906,
            2.265,
            0.0799,
            0.3287,
            1.0617,
            0.4694,
            2.2464
        ],
        "FSRS-4.5": [
            0.6275,
            2.6797,
            5.4909,
            15.0079,
            5.251,
            1.831,
            1.0505,
            0.0127,
            2.0605,
            0.3289,
            1.4046,
            2.1369,
            0.1359,
            0.2874,
            1.4845,
            0.4446,
            2.4174
        ],
        "FSRS-5": [
            0.6316,
            2.4537,
            4.9202,
            16.8339,
            7.4004,
            1.2451,
            2.3638,
            0.001,
            1.7386,
            0.3599,
            1.171,
            1.9759,
            0.0636,
            0.2462,
            2.0361,
            0.4128,
            2.395,
            0.487,
            0.6346
        ]
    }
}