{
    "FSRS-5": {
        "RMSE(bins)": 0.05026489332280321,
        "LogLoss": 0.3675529678679262
    },
    "FSRS-4.5": {
        "RMSE(bins)": 0.05041852129963714,
        "LogLoss": 0.3672263283087802
    },
    "FSRSv4": {
        "RMSE(bins)": 0.05757580987155917,
        "LogLoss": 0.3720781514742967
    },
    "FSRSv3": {
        "RMSE(bins)": 0.054616792323377565,
        "LogLoss": 0.3750183304537813
    },
    "SM16": {
        "RMSE(bins)": 0.07256873158392757,
        "LogLoss": 0.3967420922056975
    },
    "SM17": {
        "RMSE(bins)": 0.07369271012542368,
        "LogLoss": 0.41465827598918464
    },
    "user": "anonym2",
    "size": 6044
}