{
    "FSRS-6": {
        "RMSE(bins)": 0.03662048038178695,
        "LogLoss": 0.24948319010806994,
        "AUC": 0.7657043428864603
    },
    "FSRS-5": {
        "RMSE(bins)": 0.027003408590135617,
        "LogLoss": 0.2494123737880812,
        "AUC": 0.7679596228033432
    },
    "FSRS-4.5": {
        "RMSE(bins)": 0.02689021542328028,
        "LogLoss": 0.24957581729249226,
        "AUC": 0.7672504028816247
    },
    "FSRSv4": {
        "RMSE(bins)": 0.030059299887150295,
        "LogLoss": 0.25331805643701416,
        "AUC": 0.7625136630478208
    },
    "FSRSv3": {
        "RMSE(bins)": 0.05587038723008845,
        "LogLoss": 0.2706443820287368,
        "AUC": 0.718740869642527
    },
    "SM16": {
        "RMSE(bins)": 0.1083979964301243,
        "LogLoss": 0.3112532079484792,
        "AUC": 0.586905059825495
    },
    "SM17": {
        "RMSE(bins)": 0.06282105091517003,
        "LogLoss": 0.278126105220727,
        "AUC": 0.6612617340377474
    },
    "user": "Leee",
    "size": 45275
}