{
    "FSRS-4.5": {
        "RMSE(bins)": 0.08552110655979178,
        "LogLoss": 0.4848616086015304
    },
    "FSRSv4": {
        "RMSE(bins)": 0.12040813320800516,
        "LogLoss": 0.5134130399955841
    },
    "FSRSv3": {
        "RMSE(bins)": 0.1170724170480941,
        "LogLoss": 0.5252311371363653
    },
    "SM16": {
        "RMSE(bins)": 0.1044652647525207,
        "LogLoss": 0.5255545315753065
    },
    "SM17": {
        "RMSE(bins)": 0.09330015922582868,
        "LogLoss": 0.5354433066833889
    },
    "user": "Shore3145",
    "size": 3456
}