{
    "FSRS-6": {
        "RMSE(bins)": 0.11432092819871137,
        "LogLoss": 0.4312773416792794,
        "AUC": 0.7096706197188263
    },
    "FSRS-5": {
        "RMSE(bins)": 0.12029311117320367,
        "LogLoss": 0.44941799205598704,
        "AUC": 0.691008181046123
    },
    "FSRS-4.5": {
        "RMSE(bins)": 0.12280278763220483,
        "LogLoss": 0.4487483641529433,
        "AUC": 0.6906996352438733
    },
    "FSRSv4": {
        "RMSE(bins)": 0.13423114091650032,
        "LogLoss": 0.47024523992916484,
        "AUC": 0.6728650768920579
    },
    "FSRSv3": {
        "RMSE(bins)": 0.1432916577001455,
        "LogLoss": 0.48653170894795905,
        "AUC": 0.6575049947761058
    },
    "SM16": {
        "RMSE(bins)": 0.18532239630756184,
        "LogLoss": 0.5114346200783854,
        "AUC": 0.6578670014846858
    },
    "SM17": {
        "RMSE(bins)": 0.1457522924853873,
        "LogLoss": 0.522325215873826,
        "AUC": 0.7151144674377257
    },
    "user": "NoHeartPen",
    "size": 1493
}