{
    "FSRS-5": {
        "RMSE(bins)": 0.027072179241732153,
        "LogLoss": 0.2495598703405096
    },
    "FSRS-4.5": {
        "RMSE(bins)": 0.026997840913271613,
        "LogLoss": 0.24972535835284
    },
    "FSRSv4": {
        "RMSE(bins)": 0.02995612632708328,
        "LogLoss": 0.2531803761433245
    },
    "FSRSv3": {
        "RMSE(bins)": 0.05571931274467397,
        "LogLoss": 0.27038771652280197
    },
    "SM16": {
        "RMSE(bins)": 0.1083979964301243,
        "LogLoss": 0.3112532079484792
    },
    "SM17": {
        "RMSE(bins)": 0.06282105091517003,
        "LogLoss": 0.278126105220727
    },
    "user": "Leee",
    "size": 45275
}