{
    "FSRS-5": {
        "RMSE(bins)": 0.21966440973579746,
        "LogLoss": 0.3808399879999406
    },
    "FSRSv4": {
        "RMSE(bins)": 0.2795212523493831,
        "LogLoss": 0.47157190415965244
    },
    "FSRSv3": {
        "RMSE(bins)": 0.24070909181566283,
        "LogLoss": 0.402513945625694
    },
    "SM16": {
        "RMSE(bins)": 0.13299249522116632,
        "LogLoss": 0.2846341532206854
    },
    "SM17": {
        "RMSE(bins)": 0.07972431290679556,
        "LogLoss": 0.24448999498458734
    },
    "user": "anonym1",
    "size": 1071
}