{
    "FSRS-4.5": {
        "RMSE": 0.2632029476326351,
        "LogLoss": 0.2502767453438953,
        "RMSE(bins)": 0.02530846472574092
    },
    "FSRSv4": {
        "RMSE": 0.26736457306483874,
        "LogLoss": 0.2557513560393035,
        "RMSE(bins)": 0.04504232631990072
    },
    "FSRSv3": {
        "RMSE": 0.27347871122828393,
        "LogLoss": 0.27209149755070794,
        "RMSE(bins)": 0.058505895055540984
    },
    "SM16": {
        "RMSE": 0.29311972255447794,
        "LogLoss": 0.3112532079484792,
        "RMSE(bins)": 0.10219307840750314
    },
    "SM17": {
        "RMSE": 0.27560597703529843,
        "LogLoss": 0.278126105220727,
        "RMSE(bins)": 0.04672691049490003
    },
    "user": "Leee",
    "size": 45275
}