{
    "FSRS-6": {
        "RMSE(bins)": 0.05858938131464683,
        "LogLoss": 0.2831225404287953,
        "AUC": 0.6155259769235673
    },
    "FSRS-5": {
        "RMSE(bins)": 0.08286105577009403,
        "LogLoss": 0.29755023261400865,
        "AUC": 0.5901192069866769
    },
    "FSRS-4.5": {
        "RMSE(bins)": 0.06336790887087344,
        "LogLoss": 0.28845273485113876,
        "AUC": 0.6063091732007394
    },
    "FSRSv4": {
        "RMSE(bins)": 0.07646408930635568,
        "LogLoss": 0.29929725306981475,
        "AUC": 0.5828326639892905
    },
    "FSRSv3": {
        "RMSE(bins)": 0.0629614922909236,
        "LogLoss": 0.28767629747627194,
        "AUC": 0.6064198380824888
    },
    "SM16": {
        "RMSE(bins)": 0.08028764565396042,
        "LogLoss": 0.30796893968444516,
        "AUC": 0.5516233824185632
    },
    "SM17": {
        "RMSE(bins)": 0.04951070034281402,
        "LogLoss": 0.2857662053164479,
        "AUC": 0.6590649582456811
    },
    "AVG": {
        "RMSE(bins)": 0.05366657584450387,
        "LogLoss": 0.2814886157862136,
        "AUC": 0.4942283419391853
    },
    "user": "Hy-Fran",
    "size": 5140
}