{
    "FSRS-6": {
        "RMSE(bins)": 0.12029949625889351,
        "LogLoss": 0.5726046889788767,
        "AUC": 0.613336316849407
    },
    "FSRS-5": {
        "RMSE(bins)": 0.19164768731479115,
        "LogLoss": 0.6431136796350273,
        "AUC": 0.6141194898187514
    },
    "FSRS-4.5": {
        "RMSE(bins)": 0.17909029846053073,
        "LogLoss": 0.6268667557497364,
        "AUC": 0.616133363168494
    },
    "FSRSv4": {
        "RMSE(bins)": 0.25312348842368276,
        "LogLoss": 0.7311182555155068,
        "AUC": 0.6157977176102036
    },
    "FSRSv3": {
        "RMSE(bins)": 0.2314346615988138,
        "LogLoss": 0.9796874682129715,
        "AUC": 0.6066234056835982
    },
    "SM16": {
        "RMSE(bins)": 0.22854203862574263,
        "LogLoss": 0.786498636080741,
        "AUC": 0.6060639964197807
    },
    "SM17": {
        "RMSE(bins)": 0.21159125984255167,
        "LogLoss": 0.7609770011649272,
        "AUC": 0.5562765719400312
    },
    "AVG": {
        "RMSE(bins)": 0.16333387257615076,
        "LogLoss": 0.6371886095662384,
        "AUC": 0.44573730140971135
    },
    "user": "gracefeng",
    "size": 150,
    "parameters": {
        "FSRS-6": [
            0.1917,
            1.2728,
            2.3144,
            8.3303,
            6.4573,
            0.8436,
            3.0133,
            0.001,
            1.8294,
            0.1195,
            0.7529,
            1.4987,
            0.0509,
            0.2788,
            1.663,
            0.556,
            1.8637,
            0.5383,
            0.087,
            0.0658,
            0.1636
        ],
        "FSRSv3": [
            0.9563,
            1.7177,
            4.8906,
            -1.2286,
            -1.3401,
            0.05,
            1.701,
            -0.152,
            1.0284,
            1.8995,
            -0.375,
            0.6135,
            1.0812
        ],
        "FSRSv4": [
            0.3882,
            0.9388,
            2.3093,
            10.9344,
            4.9628,
            0.9752,
            0.8523,
            0.0199,
            1.4588,
            0.1,
            0.9083,
            2.2015,
            0.0302,
            0.3587,
            1.2824,
            0.2575,
            2.6036
        ],
        "FSRS-4.5": [
            0.4671,
            1.411,
            3.7222,
            13.8551,
            5.2004,
            1.2701,
            0.891,
            0.0395,
            1.61,
            0.0923,
            1.0076,
            2.1285,
            0.0587,
            0.3412,
            1.6065,
            0.1897,
            2.8657
        ],
        "FSRS-5": [
            0.3859,
            1.2066,
            3.1811,
            15.7255,
            7.2326,
            0.5495,
            1.4596,
            0.0054,
            1.5085,
            0.0735,
            0.981,
            1.9708,
            0.0799,
            0.3198,
            2.3105,
            0.1931,
            2.9802,
            0.4866,
            0.6321
        ]
    }
}