{
    "FSRS-5": {
        "RMSE(bins)": 0.08244412810221127,
        "LogLoss": 0.5265409880139245
    },
    "FSRSv4": {
        "RMSE(bins)": 0.10811582322792651,
        "LogLoss": 0.5535732737715308
    },
    "FSRSv3": {
        "RMSE(bins)": 0.12596698146747493,
        "LogLoss": 0.6336383211918653
    },
    "SM16": {
        "RMSE(bins)": 0.15969534163880444,
        "LogLoss": 0.6682920625461145
    },
    "SM17": {
        "RMSE(bins)": 0.12974823478796163,
        "LogLoss": 0.6842575461418872
    },
    "user": "Winston",
    "size": 8856
}