{
    "FSRSv4": {
        "RMSE": 0.5211804555682977,
        "LogLoss": 0.7695726090346173,
        "RMSE(bins)": 0.3333418756932015
    },
    "FSRSv3": {
        "RMSE": 0.5187333396386185,
        "LogLoss": 0.8944968192682652,
        "RMSE(bins)": 0.3047946010179625
    },
    "SM16": {
        "RMSE": 0.48621609736138244,
        "LogLoss": 0.786498636080741,
        "RMSE(bins)": 0.25774173291179464
    },
    "SM17": {
        "RMSE": 0.49768316561175086,
        "LogLoss": 0.8452983440899096,
        "RMSE(bins)": 0.27560415679889383
    },
    "user": "gracefeng",
    "size": 150
}