{
    "FSRS-6": {
        "RMSE(bins)": 0.061546179332955885,
        "LogLoss": 0.5115944255694811,
        "AUC": 0.7230460173052945
    },
    "FSRS-5": {
        "RMSE(bins)": 0.11020493689293435,
        "LogLoss": 0.544974349268105,
        "AUC": 0.7044071037765227
    },
    "FSRS-4.5": {
        "RMSE(bins)": 0.10711314764103466,
        "LogLoss": 0.5414741553580553,
        "AUC": 0.7066147306582584
    },
    "FSRSv4": {
        "RMSE(bins)": 0.151862876898537,
        "LogLoss": 0.5976226396741081,
        "AUC": 0.6850704100896172
    },
    "FSRSv3": {
        "RMSE(bins)": 0.16230967287501738,
        "LogLoss": 0.8191910227553838,
        "AUC": 0.6738458855460614
    },
    "SM16": {
        "RMSE(bins)": 0.15969534163880444,
        "LogLoss": 0.6682920625461145,
        "AUC": 0.677699270013066
    },
    "SM17": {
        "RMSE(bins)": 0.12974823478796163,
        "LogLoss": 0.6842575461418872,
        "AUC": 0.7181850132335663
    },
    "AVG": {
        "RMSE(bins)": 0.14901503901210394,
        "LogLoss": 0.5737694325404513,
        "AUC": 0.48298611923277635
    },
    "user": "Winston",
    "size": 8856
}