{
    "FSRS-6": {
        "RMSE(bins)": 0.0674937892165553,
        "LogLoss": 0.4162686119869714,
        "AUC": 0.5452134784242628
    },
    "FSRS-5": {
        "RMSE(bins)": 0.0881115143459846,
        "LogLoss": 0.4430238570395831,
        "AUC": 0.5346597336487042
    },
    "FSRS-4.5": {
        "RMSE(bins)": 0.08393986929877259,
        "LogLoss": 0.4432081955478661,
        "AUC": 0.534673937400653
    },
    "FSRSv4": {
        "RMSE(bins)": 0.08457249338563251,
        "LogLoss": 0.4456764366561279,
        "AUC": 0.5355509595705674
    },
    "FSRSv3": {
        "RMSE(bins)": 0.08235635575438727,
        "LogLoss": 0.45156921159208735,
        "AUC": 0.5311625953476443
    },
    "SM16": {
        "RMSE(bins)": 0.09004049085419014,
        "LogLoss": 0.4184812116434929,
        "AUC": 0.5819445396651278
    },
    "SM17": {
        "RMSE(bins)": 0.06082953969470781,
        "LogLoss": 0.40911199593090947,
        "AUC": 0.6044231277074414
    },
    "user": "KKKphelps",
    "size": 10380
}