{
    "FSRS-6": {
        "RMSE(bins)": 0.05011444467382899,
        "LogLoss": 0.3482838358437395,
        "AUC": 0.6624452275025978
    },
    "FSRS-5": {
        "RMSE(bins)": 0.08086703579241449,
        "LogLoss": 0.3694652729446558,
        "AUC": 0.6531298836250159
    },
    "FSRS-4.5": {
        "RMSE(bins)": 0.08137295993981815,
        "LogLoss": 0.37004408189734905,
        "AUC": 0.6507382117913776
    },
    "FSRSv4": {
        "RMSE(bins)": 0.10031437595878656,
        "LogLoss": 0.39009019594352845,
        "AUC": 0.6437349827163568
    },
    "FSRSv3": {
        "RMSE(bins)": 0.13227929791091994,
        "LogLoss": 0.44073587027112193,
        "AUC": 0.6201322696511611
    },
    "SM16": {
        "RMSE(bins)": 0.10811298363474091,
        "LogLoss": 0.4167467647079793,
        "AUC": 0.5897869954841342
    },
    "SM17": {
        "RMSE(bins)": 0.08610546327820866,
        "LogLoss": 0.4531297722214218,
        "AUC": 0.6038332892152973
    },
    "AVG": {
        "RMSE(bins)": 0.07314030479425612,
        "LogLoss": 0.36835060174617007,
        "AUC": 0.5441400988969375
    },
    "user": "nocturne2014",
    "size": 35557,
    "parameters": {
        "FSRS-6": [
            1.7742,
            13.2779,
            20.968,
            38.8053,
            9.3778,
            1.0764,
            4.0,
            0.001,
            2.5107,
            0.1085,
            1.078,
            1.3482,
            0.2414,
            0.47,
            0.0005,
            0.2501,
            2.6552,
            0.4518,
            0.0,
            0.0658,
            0.1
        ],
        "FSRSv3": [
            10.0,
            5.0,
            2.6122,
            -1.6156,
            -1.8398,
            0.05,
            2.0,
            -0.15,
            1.5,
            3.0341,
            -0.411,
            0.4138,
            0.01
        ],
        "FSRSv4": [
            4.921,
            18.5937,
            26.857,
            44.3607,
            3.1039,
            2.529,
            1.7217,
            0.0,
            2.941,
            0.2204,
            0.9292,
            3.7992,
            0.1994,
            0.2637,
            0.01,
            0.7118,
            2.3706
        ],
        "FSRS-4.5": [
            3.9193,
            18.3701,
            26.7981,
            47.4013,
            3.4154,
            2.4564,
            1.6451,
            0.0,
            2.8607,
            0.2046,
            0.9178,
            3.5254,
            0.332,
            0.3077,
            0.01,
            0.6818,
            2.3855
        ],
        "FSRS-5": [
            3.8796,
            18.5753,
            26.0287,
            47.768,
            8.9543,
            1.0926,
            3.9293,
            0.001,
            2.7521,
            0.1276,
            0.9356,
            3.4154,
            0.2454,
            0.2866,
            0.0,
            0.5671,
            2.5031,
            0.0665,
            0.2426
        ]
    }
}