{
    "FSRS-4.5": {
        "RMSE": 0.3296816244232381,
        "LogLoss": 0.3670200540333862,
        "RMSE(bins)": 0.0335769770655294
    },
    "FSRSv3": {
        "RMSE": 0.33286838459163387,
        "LogLoss": 0.3752501002106285,
        "RMSE(bins)": 0.04830566105763712
    },
    "SM16": {
        "RMSE": 0.3391512933314059,
        "LogLoss": 0.3967420922056975,
        "RMSE(bins)": 0.06913568914938156
    },
    "SM17": {
        "RMSE": 0.3415475665822446,
        "LogLoss": 0.41465827598918464,
        "RMSE(bins)": 0.0661902579918004
    },
    "user": "anonym2",
    "size": 6044
}