{
    "FSRS-4.5": {
        "RMSE(bins)": 0.0669329165127493,
        "LogLoss": 0.38334142399695254
    },
    "FSRSv4": {
        "RMSE(bins)": 0.07557584642388136,
        "LogLoss": 0.3925633735711958
    },
    "FSRSv3": {
        "RMSE(bins)": 0.08106856907980821,
        "LogLoss": 0.4018481480665473
    },
    "SM16": {
        "RMSE(bins)": 0.06453069363833035,
        "LogLoss": 0.4010966514798661
    },
    "SM17": {
        "RMSE(bins)": 0.08777344847683197,
        "LogLoss": 0.42921614355811794
    },
    "user": "reallyyy",
    "size": 8984
}