{
    "FSRS-6": {
        "RMSE(bins)": 0.05918435809752964,
        "LogLoss": 0.3733359001585725
    },
    "FSRS-5": {
        "RMSE(bins)": 0.05789699255465673,
        "LogLoss": 0.3792031302448251
    },
    "FSRS-4.5": {
        "RMSE(bins)": 0.0626027187521651,
        "LogLoss": 0.38060916920764476
    },
    "FSRSv4": {
        "RMSE(bins)": 0.07379690790397651,
        "LogLoss": 0.3910903057037843
    },
    "FSRSv3": {
        "RMSE(bins)": 0.07880339291990061,
        "LogLoss": 0.39960618765310285
    },
    "SM16": {
        "RMSE(bins)": 0.06453069363833035,
        "LogLoss": 0.4010966514798661
    },
    "SM17": {
        "RMSE(bins)": 0.08777344847683197,
        "LogLoss": 0.42921614355811794
    },
    "user": "reallyyy",
    "size": 8984
}