{
    "FSRS-6": {
        "RMSE(bins)": 0.057782327132135276,
        "LogLoss": 0.3700893226864037,
        "AUC": 0.6693549994560575
    },
    "FSRS-5": {
        "RMSE(bins)": 0.06165996755069185,
        "LogLoss": 0.37131981709418155,
        "AUC": 0.6761708512616225
    },
    "FSRS-4.5": {
        "RMSE(bins)": 0.058457366522329954,
        "LogLoss": 0.369819382040603,
        "AUC": 0.6790711575264713
    },
    "FSRSv4": {
        "RMSE(bins)": 0.08130360171655943,
        "LogLoss": 0.38265840975404447,
        "AUC": 0.6650816285998967
    },
    "FSRSv3": {
        "RMSE(bins)": 0.06414625413735577,
        "LogLoss": 0.3789697766506458,
        "AUC": 0.6704323178218861
    },
    "SM16": {
        "RMSE(bins)": 0.07256873158392757,
        "LogLoss": 0.3967420922056975,
        "AUC": 0.6149647109792094
    },
    "SM17": {
        "RMSE(bins)": 0.0951955184263993,
        "LogLoss": 0.4996921221508992,
        "AUC": 0.4985566911773005
    },
    "AVG": {
        "RMSE(bins)": 0.07850242784337122,
        "LogLoss": 0.3887224027494223,
        "AUC": 0.5134057213145974
    },
    "user": "anonym2",
    "size": 6044,
    "parameters": {
        "FSRS-6": [
            0.8162,
            2.1071,
            4.3662,
            10.969,
            6.9852,
            0.9841,
            2.7655,
            0.0042,
            1.5391,
            0.2869,
            0.477,
            1.7624,
            0.2216,
            0.5432,
            2.2885,
            0.0,
            2.8113,
            0.5114,
            0.1109,
            0.0658,
            0.2064
        ],
        "FSRSv3": [
            1.5063,
            3.3275,
            4.875,
            -2.1766,
            -1.9972,
            0.05,
            1.6618,
            -0.3825,
            0.8674,
            1.9667,
            -0.3279,
            0.6869,
            0.5474
        ],
        "FSRSv4": [
            0.9554,
            2.2573,
            4.2281,
            13.1834,
            5.0659,
            2.1266,
            1.1678,
            0.0,
            1.821,
            0.5455,
            1.2328,
            2.2658,
            0.0145,
            0.4206,
            0.9861,
            0.0953,
            2.7113
        ],
        "FSRS-4.5": [
            0.931,
            2.5224,
            5.6315,
            15.6958,
            5.3343,
            1.8951,
            1.0844,
            0.0,
            1.6692,
            0.4318,
            1.0631,
            2.241,
            0.0424,
            0.4061,
            1.9687,
            0.0215,
            2.9427
        ],
        "FSRS-5": [
            0.9165,
            2.4735,
            5.1284,
            17.4353,
            7.9011,
            1.1032,
            2.6523,
            0.0013,
            1.4257,
            0.4622,
            0.8923,
            2.1472,
            0.0794,
            0.4032,
            2.6795,
            0.0362,
            2.9177,
            0.4403,
            0.5853
        ]
    }
}