{
    "FSRS-5": {
        "RMSE(bins)": 0.10276542172210126,
        "LogLoss": 0.49422831201407147
    },
    "FSRSv4": {
        "RMSE(bins)": 0.12040811772502831,
        "LogLoss": 0.513413031478202
    },
    "FSRSv3": {
        "RMSE(bins)": 0.11707242126115451,
        "LogLoss": 0.5252311489678265
    },
    "SM16": {
        "RMSE(bins)": 0.1044652647525207,
        "LogLoss": 0.5255545315753065
    },
    "SM17": {
        "RMSE(bins)": 0.09330015922582868,
        "LogLoss": 0.5354433066833889
    },
    "user": "Shore3145",
    "size": 3456
}