{
    "FSRSv4": {
        "RMSE": 0.35515022592130174,
        "LogLoss": 0.41615159139129126,
        "RMSE(bins)": 0.07655818973988873
    },
    "FSRSv3": {
        "RMSE": 0.36057581219138723,
        "LogLoss": 0.42734158907288683,
        "RMSE(bins)": 0.09455822509668613
    },
    "SM16": {
        "RMSE": 0.3603192287549551,
        "LogLoss": 0.43212621616946734,
        "RMSE(bins)": 0.089501147090211
    },
    "SM17": {
        "RMSE": 0.355217474425805,
        "LogLoss": 0.4306079454433818,
        "RMSE(bins)": 0.05387556923271753
    },
    "user": "shisuu",
    "size": 21390
}