{
    "FSRS-5": {
        "RMSE(bins)": 0.21607636602620062,
        "LogLoss": 0.3778553695004922
    },
    "FSRS-4.5": {
        "RMSE(bins)": 0.2074675769897373,
        "LogLoss": 0.3659802820203103
    },
    "FSRSv4": {
        "RMSE(bins)": 0.27434289466476275,
        "LogLoss": 0.4640452760438302
    },
    "FSRSv3": {
        "RMSE(bins)": 0.22915239028314507,
        "LogLoss": 0.39029893690707906
    },
    "SM16": {
        "RMSE(bins)": 0.13299249522116632,
        "LogLoss": 0.2846341532206854
    },
    "SM17": {
        "RMSE(bins)": 0.07972431290679556,
        "LogLoss": 0.24448999498458734
    },
    "user": "anonym1",
    "size": 1071
}