{
    "FSRS": {
        "RMSE": 0.26383927407115576,
        "LogLoss": 0.2506818270691793,
        "UniversalMetric": 0.01841700502705433
    },
    "SM16": {
        "RMSE": 0.29311972255447794,
        "LogLoss": 0.3112532079484792,
        "UniversalMetric": 0.05910466548827748
    },
    "SM17": {
        "RMSE": 0.27560597703529843,
        "LogLoss": 0.278126105220727,
        "UniversalMetric": 0.03758491145699206
    },
    "user": "Leee",
    "size": 45275
}