{
    "FSRS-6": {
        "RMSE(bins)": 0.05858938131464683,
        "LogLoss": 0.2831225404287953,
        "AUC": 0.6155259769235673
    },
    "FSRS-5": {
        "RMSE(bins)": 0.08286657021141698,
        "LogLoss": 0.297531001112181,
        "AUC": 0.5900437304774655
    },
    "FSRS-4.5": {
        "RMSE(bins)": 0.06336965968081099,
        "LogLoss": 0.28843553135648575,
        "AUC": 0.6064045387900809
    },
    "FSRSv4": {
        "RMSE(bins)": 0.07646806621248761,
        "LogLoss": 0.29928538209040506,
        "AUC": 0.5828051252629567
    },
    "FSRSv3": {
        "RMSE(bins)": 0.06296624746900714,
        "LogLoss": 0.2876713194328957,
        "AUC": 0.6064302925989673
    },
    "SM16": {
        "RMSE(bins)": 0.08028764565396042,
        "LogLoss": 0.30796893968444516,
        "AUC": 0.5516233824185632
    },
    "SM17": {
        "RMSE(bins)": 0.04951070034281402,
        "LogLoss": 0.2857662053164479,
        "AUC": 0.6590649582456811
    },
    "user": "Hy-Fran",
    "size": 5140
}