{
    "FSRS-6": {
        "RMSE(bins)": 0.047350994506672316,
        "LogLoss": 0.5065788766939787,
        "AUC": 0.7298046755335592
    },
    "FSRS-5": {
        "RMSE(bins)": 0.07845000298857718,
        "LogLoss": 0.5244994334673359,
        "AUC": 0.7197817576103253
    },
    "FSRS-4.5": {
        "RMSE(bins)": 0.0793432075633206,
        "LogLoss": 0.5239031493079648,
        "AUC": 0.7204771054338422
    },
    "FSRSv4": {
        "RMSE(bins)": 0.10302671721734706,
        "LogLoss": 0.55043976683143,
        "AUC": 0.706683868936748
    },
    "FSRSv3": {
        "RMSE(bins)": 0.12236293076702079,
        "LogLoss": 0.6230096828772659,
        "AUC": 0.6879901445799688
    },
    "SM16": {
        "RMSE(bins)": 0.15969534163880444,
        "LogLoss": 0.6682920625461145,
        "AUC": 0.677699270013066
    },
    "SM17": {
        "RMSE(bins)": 0.12974823478796163,
        "LogLoss": 0.6842575461418872,
        "AUC": 0.7181850132335663
    },
    "AVG": {
        "RMSE(bins)": 0.14899364148260202,
        "LogLoss": 0.5713583108668457,
        "AUC": 0.5443272325716394
    },
    "user": "Winston",
    "size": 8856
}