{
    "FSRS-6": {
        "RMSE(bins)": 0.07844982313041583,
        "LogLoss": 0.4291420448333242
    },
    "FSRS-5": {
        "RMSE(bins)": 0.0881115152926878,
        "LogLoss": 0.4430238527306466
    },
    "FSRS-4.5": {
        "RMSE(bins)": 0.08393987044345205,
        "LogLoss": 0.44320819185485716
    },
    "FSRSv4": {
        "RMSE(bins)": 0.08457248596568041,
        "LogLoss": 0.4456764363687897
    },
    "FSRSv3": {
        "RMSE(bins)": 0.08235635664931965,
        "LogLoss": 0.45156921227203956
    },
    "SM16": {
        "RMSE(bins)": 0.09004049085419014,
        "LogLoss": 0.4184812116434929
    },
    "SM17": {
        "RMSE(bins)": 0.06082953969470781,
        "LogLoss": 0.40911199593090947
    },
    "user": "KKKphelps",
    "size": 10380
}