{
    "FSRS": {
        "RMSE": 0.5202700277787391,
        "LogLoss": 0.7683784073655696,
        "UniversalMetric": 0.2816523607014546,
        "RMSE(bins)": 0.3206120883172976
    },
    "SM16": {
        "RMSE": 0.48621609736138244,
        "LogLoss": 0.786498636080741,
        "UniversalMetric": 0.1922711511991721,
        "RMSE(bins)": 0.25774173291179464
    },
    "SM17": {
        "RMSE": 0.49768316561175086,
        "LogLoss": 0.8452983440899096,
        "UniversalMetric": 0.1750001795072489,
        "RMSE(bins)": 0.27560415679889383
    },
    "user": "gracefeng",
    "size": 150
}