{
    "FSRS-6": {
        "RMSE(bins)": 0.12831440773881955,
        "LogLoss": 0.5619899986895809,
        "AUC": 0.66580890579548
    },
    "FSRS-5": {
        "RMSE(bins)": 0.20183080671505502,
        "LogLoss": 0.645020833483367,
        "AUC": 0.622622510628776
    },
    "FSRS-4.5": {
        "RMSE(bins)": 0.19054910486027987,
        "LogLoss": 0.6359710373601848,
        "AUC": 0.6183710002237637
    },
    "FSRSv4": {
        "RMSE(bins)": 0.2591230668215512,
        "LogLoss": 0.7210066249827976,
        "AUC": 0.6257552025061535
    },
    "FSRSv3": {
        "RMSE(bins)": 0.24433595951617515,
        "LogLoss": 0.8314849823028574,
        "AUC": 0.6207205191317969
    },
    "SM16": {
        "RMSE(bins)": 0.22854203862574263,
        "LogLoss": 0.786498636080741,
        "AUC": 0.6060639964197807
    },
    "SM17": {
        "RMSE(bins)": 0.21159125984255167,
        "LogLoss": 0.7609770011649272,
        "AUC": 0.5562765719400312
    },
    "AVG": {
        "RMSE(bins)": 0.17234127967287374,
        "LogLoss": 0.6099589066080016,
        "AUC": 0.5497874244797494
    },
    "user": "gracefeng",
    "size": 150
}