{
    "FSRS-4.5": {
        "RMSE": 0.349455366138615,
        "LogLoss": 0.4433780909172652,
        "RMSE(bins)": 0.0850852897792943
    },
    "FSRSv4": {
        "RMSE": 0.350906004739283,
        "LogLoss": 0.44973312998776227,
        "RMSE(bins)": 0.09242439728136892
    },
    "FSRSv3": {
        "RMSE": 0.3508294625544327,
        "LogLoss": 0.4544841901237441,
        "RMSE(bins)": 0.0921012855658179
    },
    "SM16": {
        "RMSE": 0.3504324175744741,
        "LogLoss": 0.4184812116434929,
        "RMSE(bins)": 0.08803733688111492
    },
    "SM17": {
        "RMSE": 0.34189923852848575,
        "LogLoss": 0.40911199593090947,
        "RMSE(bins)": 0.05194283738097076
    },
    "user": "KKKphelps",
    "size": 10380
}