{
    "FSRS-6": {
        "RMSE(bins)": 0.059842323220828074,
        "LogLoss": 0.3682598087457777,
        "AUC": 0.6511663837292416
    },
    "FSRS-5": {
        "RMSE(bins)": 0.08122833709693868,
        "LogLoss": 0.39107584217179153,
        "AUC": 0.6440044407190095
    },
    "FSRS-4.5": {
        "RMSE(bins)": 0.08296412422562517,
        "LogLoss": 0.39222442183801975,
        "AUC": 0.6426155831531322
    },
    "FSRSv4": {
        "RMSE(bins)": 0.10039926189574916,
        "LogLoss": 0.4144870967078412,
        "AUC": 0.6310202001561431
    },
    "FSRSv3": {
        "RMSE(bins)": 0.11743325584029467,
        "LogLoss": 0.4580261423784838,
        "AUC": 0.6125904969506142
    },
    "SM16": {
        "RMSE(bins)": 0.08978291634488579,
        "LogLoss": 0.41884062365436864,
        "AUC": 0.6069463589641556
    },
    "SM17": {
        "RMSE(bins)": 0.0782595186244417,
        "LogLoss": 0.4281070535322453,
        "AUC": 0.6474313197018894
    },
    "AVG": {
        "RMSE(bins)": 0.07850246016537547,
        "LogLoss": 0.3813165957869783,
        "AUC": 0.524755064225021
    },
    "user": "LMSherlock",
    "size": 30884
}