{
    "FSRS-6": {
        "RMSE(bins)": 0.0458905140528802,
        "LogLoss": 0.3682915244889636,
        "AUC": 0.6378866738206679
    },
    "FSRS-5": {
        "RMSE(bins)": 0.057896992779856285,
        "LogLoss": 0.37920312845713167,
        "AUC": 0.6376683608161147
    },
    "FSRS-4.5": {
        "RMSE(bins)": 0.06256725069209587,
        "LogLoss": 0.38052570631811095,
        "AUC": 0.6367893666817426
    },
    "FSRSv4": {
        "RMSE(bins)": 0.07378443453940621,
        "LogLoss": 0.39102499624502346,
        "AUC": 0.6316651472576948
    },
    "FSRSv3": {
        "RMSE(bins)": 0.07880339494644002,
        "LogLoss": 0.39960618881643417,
        "AUC": 0.6200784575730236
    },
    "SM16": {
        "RMSE(bins)": 0.06453069363833035,
        "LogLoss": 0.4010966514798661,
        "AUC": 0.60089117642787
    },
    "SM17": {
        "RMSE(bins)": 0.08777344847683197,
        "LogLoss": 0.42921614355811794,
        "AUC": 0.5810416941809733
    },
    "user": "reallyyy",
    "size": 8984
}