{
    "FSRS-6": {
        "RMSE(bins)": 0.040151186606003295,
        "LogLoss": 0.3990210681579031,
        "AUC": 0.6517516545379824
    },
    "FSRS-5": {
        "RMSE(bins)": 0.057239121195663455,
        "LogLoss": 0.4096361681227418,
        "AUC": 0.6420584673273755
    },
    "FSRS-4.5": {
        "RMSE(bins)": 0.058145948942358174,
        "LogLoss": 0.4093566579201619,
        "AUC": 0.6428187281632349
    },
    "FSRSv4": {
        "RMSE(bins)": 0.0644791151480884,
        "LogLoss": 0.41425964356512457,
        "AUC": 0.6383721045936916
    },
    "FSRSv3": {
        "RMSE(bins)": 0.07959822629490493,
        "LogLoss": 0.4239271238259248,
        "AUC": 0.6256098594795998
    },
    "SM16": {
        "RMSE(bins)": 0.08538488518726732,
        "LogLoss": 0.43212621616946734,
        "AUC": 0.6047996474613306
    },
    "SM17": {
        "RMSE(bins)": 0.06643489306786703,
        "LogLoss": 0.4306079454433818,
        "AUC": 0.5495961349998355
    },
    "user": "shisuu",
    "size": 21390
}