{
    "FSRS-6": {
        "RMSE(bins)": 0.08220457246038539,
        "LogLoss": 0.29882853907031587,
        "AUC": 0.5861643398992796
    },
    "FSRS-5": {
        "RMSE(bins)": 0.1071221150833861,
        "LogLoss": 0.31583550575506275,
        "AUC": 0.5752842481035252
    },
    "FSRS-4.5": {
        "RMSE(bins)": 0.09771360515071198,
        "LogLoss": 0.30804863689796985,
        "AUC": 0.5885528144323324
    },
    "FSRSv4": {
        "RMSE(bins)": 0.1389971330471012,
        "LogLoss": 0.34375076143435496,
        "AUC": 0.5516873844584689
    },
    "FSRSv3": {
        "RMSE(bins)": 0.09364119879876011,
        "LogLoss": 0.3067433285451134,
        "AUC": 0.5763345445273157
    },
    "SM16": {
        "RMSE(bins)": 0.08028764565396042,
        "LogLoss": 0.30796893968444516,
        "AUC": 0.5516233824185632
    },
    "SM17": {
        "RMSE(bins)": 0.04951070034281402,
        "LogLoss": 0.2857662053164479,
        "AUC": 0.6590649582456811
    },
    "AVG": {
        "RMSE(bins)": 0.055325084027438055,
        "LogLoss": 0.28185454502723895,
        "AUC": 0.47559354879836807
    },
    "user": "Hy-Fran",
    "size": 5140,
    "parameters": {
        "FSRS-6": [
            0.634,
            2.821,
            5.2806,
            10.4077,
            6.527,
            0.9792,
            2.8274,
            0.001,
            2.1705,
            0.252,
            0.9935,
            1.4421,
            0.001,
            0.3404,
            1.1583,
            0.0,
            4.513,
            0.5425,
            0.0912,
            0.0658,
            0.1
        ],
        "FSRSv3": [
            2.3635,
            4.1712,
            4.5868,
            -2.4056,
            -2.3387,
            0.05,
            2.0,
            -0.15,
            1.3386,
            1.8336,
            -0.459,
            0.5853,
            0.794
        ],
        "FSRSv4": [
            1.1757,
            2.9153,
            5.0337,
            13.2391,
            4.4635,
            2.1903,
            1.8196,
            0.0,
            2.1697,
            0.1012,
            1.4323,
            2.2315,
            0.0155,
            0.3219,
            1.0315,
            0.162,
            4.0
        ],
        "FSRS-4.5": [
            1.1308,
            3.4349,
            6.7381,
            16.1603,
            4.811,
            2.0928,
            1.6193,
            0.0,
            2.0849,
            0.0017,
            1.313,
            2.0677,
            0.019,
            0.3099,
            1.2155,
            0.0835,
            5.2014
        ],
        "FSRS-5": [
            1.08,
            3.2254,
            6.0856,
            18.0797,
            7.3795,
            1.0026,
            3.2723,
            0.001,
            1.9154,
            0.0883,
            1.2263,
            1.9671,
            0.001,
            0.293,
            1.8169,
            0.11,
            5.3585,
            0.3626,
            0.526
        ]
    }
}