{
    "FSRS-6": {
        "RMSE(bins)": 0.13954470281963205,
        "LogLoss": 0.31178102542932,
        "AUC": 0.5539613526570049
    },
    "FSRS-5": {
        "RMSE(bins)": 0.18514321920264543,
        "LogLoss": 0.35673459747509423,
        "AUC": 0.5426086956521738
    },
    "FSRS-4.5": {
        "RMSE(bins)": 0.17399611002198972,
        "LogLoss": 0.3426692524964113,
        "AUC": 0.5528502415458938
    },
    "FSRSv4": {
        "RMSE(bins)": 0.23263532946832136,
        "LogLoss": 0.4057036981591326,
        "AUC": 0.5271497584541063
    },
    "FSRSv3": {
        "RMSE(bins)": 0.1589202012038554,
        "LogLoss": 0.3260371405501534,
        "AUC": 0.5458937198067633
    },
    "SM16": {
        "RMSE(bins)": 0.12029603469023295,
        "LogLoss": 0.29136565234236333,
        "AUC": 0.6452173913043476
    },
    "SM17": {
        "RMSE(bins)": 0.0921815087430627,
        "LogLoss": 0.2745870664363899,
        "AUC": 0.6987922705314009
    },
    "user": "VSpade7",
    "size": 375
}