{
    "FSRS": {
        "RMSE": 0.26383927407115576,
        "LogLoss": 0.2506818270691793,
        "UniversalMetric": 0.01817851364870083,
        "RMSE(bins)": 0.02719510747131803
    },
    "SM16": {
        "RMSE": 0.29311972255447794,
        "LogLoss": 0.3112532079484792,
        "UniversalMetric": 0.05980753613346559,
        "RMSE(bins)": 0.10219307840750314
    },
    "SM17": {
        "RMSE": 0.27560597703529843,
        "LogLoss": 0.278126105220727,
        "UniversalMetric": 0.03753661646678325,
        "RMSE(bins)": 0.04672691049490003
    },
    "user": "Leee",
    "size": 45275
}