{
    "FSRS": {
        "RMSE": 0.33083950304333404,
        "LogLoss": 0.3690850045261701,
        "UniversalMetric": 0.027959471305953214,
        "RMSE(bins)": 0.04672446737578179
    },
    "SM16": {
        "RMSE": 0.3391512933314059,
        "LogLoss": 0.3967420922056975,
        "UniversalMetric": 0.040200118031960136,
        "RMSE(bins)": 0.06913568914938156
    },
    "SM17": {
        "RMSE": 0.3415475665822446,
        "LogLoss": 0.41465827598918464,
        "UniversalMetric": 0.05501501433248565,
        "RMSE(bins)": 0.0661902579918004
    },
    "user": "anonym2",
    "size": 6044
}