{
    "FSRS-6": {
        "RMSE(bins)": 0.05017778719064725,
        "LogLoss": 0.5072326646280843
    },
    "FSRS-5": {
        "RMSE(bins)": 0.07844655202763806,
        "LogLoss": 0.5244997641177944
    },
    "FSRS-4.5": {
        "RMSE(bins)": 0.07934092207964605,
        "LogLoss": 0.5239281305539839
    },
    "FSRSv4": {
        "RMSE(bins)": 0.10302961189701955,
        "LogLoss": 0.5504140466052571
    },
    "FSRSv3": {
        "RMSE(bins)": 0.12236184007591482,
        "LogLoss": 0.6173156104010609
    },
    "SM16": {
        "RMSE(bins)": 0.15969534163880444,
        "LogLoss": 0.6682920625461145
    },
    "SM17": {
        "RMSE(bins)": 0.12974823478796163,
        "LogLoss": 0.6842575461418872
    },
    "user": "Winston",
    "size": 8856
}