{
    "FSRS-6": {
        "RMSE(bins)": 0.1414803485582248,
        "LogLoss": 0.5759622985708008,
        "AUC": 0.6366077422242112
    },
    "FSRS-5": {
        "RMSE(bins)": 0.20179686814495426,
        "LogLoss": 0.6449566448635446,
        "AUC": 0.6227343924815396
    },
    "FSRS-4.5": {
        "RMSE(bins)": 0.19051853273150673,
        "LogLoss": 0.6358253600385189,
        "AUC": 0.6184828820765272
    },
    "FSRSv4": {
        "RMSE(bins)": 0.25905333237905676,
        "LogLoss": 0.7207040043156475,
        "AUC": 0.62564332065339
    },
    "FSRSv3": {
        "RMSE(bins)": 0.24432423854334506,
        "LogLoss": 0.817795181502939,
        "AUC": 0.6207205191317968
    },
    "SM16": {
        "RMSE(bins)": 0.22854203862574263,
        "LogLoss": 0.786498636080741,
        "AUC": 0.6060639964197807
    },
    "SM17": {
        "RMSE(bins)": 0.2290832545802956,
        "LogLoss": 0.8452983440899096,
        "AUC": 0.6216155739539047
    },
    "user": "gracefeng",
    "size": 150
}