{
    "FSRS-4.5": {
        "RMSE": 0.3934455376629943,
        "LogLoss": 0.486679220625011,
        "RMSE(bins)": 0.09310404979484864
    },
    "FSRSv4": {
        "RMSE": 0.4056459757829586,
        "LogLoss": 0.512063293125575,
        "RMSE(bins)": 0.1300963718248008
    },
    "FSRSv3": {
        "RMSE": 0.4096786594690135,
        "LogLoss": 0.5341146298491901,
        "RMSE(bins)": 0.13829065127921422
    },
    "SM16": {
        "RMSE": 0.40266189233280697,
        "LogLoss": 0.5255545315753065,
        "RMSE(bins)": 0.10859893253033272
    },
    "SM17": {
        "RMSE": 0.3993445255138354,
        "LogLoss": 0.5354433066833889,
        "RMSE(bins)": 0.11398982383764168
    },
    "user": "Shore3145",
    "size": 3456
}