{
    "FSRS-6": {
        "RMSE(bins)": 0.11379045159894785,
        "LogLoss": 0.4337813753480944,
        "AUC": 0.704492549077112
    },
    "FSRS-5": {
        "RMSE(bins)": 0.12029310952779705,
        "LogLoss": 0.44941798927622983,
        "AUC": 0.691008181046123
    },
    "FSRS-4.5": {
        "RMSE(bins)": 0.12280277872525572,
        "LogLoss": 0.4487483580508162,
        "AUC": 0.6906996352438733
    },
    "FSRSv4": {
        "RMSE(bins)": 0.13423112850628485,
        "LogLoss": 0.4702452170984475,
        "AUC": 0.6728650768920579
    },
    "FSRSv3": {
        "RMSE(bins)": 0.14329166394197224,
        "LogLoss": 0.4865317042424127,
        "AUC": 0.6575049947761058
    },
    "SM16": {
        "RMSE(bins)": 0.18532239630756184,
        "LogLoss": 0.5114346200783854,
        "AUC": 0.6578670014846858
    },
    "SM17": {
        "RMSE(bins)": 0.1457522924853873,
        "LogLoss": 0.522325215873826,
        "AUC": 0.7151144674377257
    },
    "user": "NoHeartPen",
    "size": 1493
}