{
    "FSRS-6": {
        "RMSE(bins)": 0.1619757805344994,
        "LogLoss": 0.3179955074446204
    },
    "FSRS-5": {
        "RMSE(bins)": 0.21592705381693544,
        "LogLoss": 0.3788155768782484
    },
    "FSRS-4.5": {
        "RMSE(bins)": 0.20740555277702147,
        "LogLoss": 0.36612817634130224
    },
    "FSRSv4": {
        "RMSE(bins)": 0.2742532030812046,
        "LogLoss": 0.46416347422263476
    },
    "FSRSv3": {
        "RMSE(bins)": 0.2288717727764428,
        "LogLoss": 0.3900654839371665
    },
    "SM16": {
        "RMSE(bins)": 0.13299249522116632,
        "LogLoss": 0.2846341532206854
    },
    "SM17": {
        "RMSE(bins)": 0.07972431290679556,
        "LogLoss": 0.24448999498458734
    },
    "user": "anonym1",
    "size": 1071
}