{
    "FSRS-6": {
        "RMSE(bins)": 0.17187651662645453,
        "LogLoss": 0.33549471086036653,
        "AUC": 0.5940096618357488
    },
    "FSRS-5": {
        "RMSE(bins)": 0.21673942143288183,
        "LogLoss": 0.3823266769528786,
        "AUC": 0.606135265700483
    },
    "FSRS-4.5": {
        "RMSE(bins)": 0.19833114682746508,
        "LogLoss": 0.3620132167381008,
        "AUC": 0.6098550724637681
    },
    "FSRSv4": {
        "RMSE(bins)": 0.27677335740913556,
        "LogLoss": 0.45664728801666016,
        "AUC": 0.5755072463768116
    },
    "FSRSv3": {
        "RMSE(bins)": 0.2000923675252479,
        "LogLoss": 0.35919630544605974,
        "AUC": 0.5883574879227053
    },
    "SM16": {
        "RMSE(bins)": 0.12029603469023295,
        "LogLoss": 0.29136565234236333,
        "AUC": 0.6452173913043476
    },
    "SM17": {
        "RMSE(bins)": 0.0921815087430627,
        "LogLoss": 0.2745870664363899,
        "AUC": 0.6987922705314009
    },
    "AVG": {
        "RMSE(bins)": 0.10705716053428199,
        "LogLoss": 0.27169858977455646,
        "AUC": 0.6200966183574879
    },
    "user": "VSpade7",
    "size": 375
}