{
    "FSRS-6": {
        "RMSE(bins)": 0.04403884537681161,
        "LogLoss": 0.4039219629353095,
        "AUC": 0.6382966050467065
    },
    "FSRS-5": {
        "RMSE(bins)": 0.07164523740908156,
        "LogLoss": 0.41934982017338074,
        "AUC": 0.6289764852797595
    },
    "FSRS-4.5": {
        "RMSE(bins)": 0.07221726770666367,
        "LogLoss": 0.41918011695563595,
        "AUC": 0.6286879801416062
    },
    "FSRSv4": {
        "RMSE(bins)": 0.0884007175871102,
        "LogLoss": 0.4290897471565265,
        "AUC": 0.6261036347797273
    },
    "FSRSv3": {
        "RMSE(bins)": 0.10559753271098973,
        "LogLoss": 0.45001976007722644,
        "AUC": 0.6076269116706812
    },
    "SM16": {
        "RMSE(bins)": 0.08538488518726732,
        "LogLoss": 0.43212621616946734,
        "AUC": 0.6047996474613306
    },
    "SM17": {
        "RMSE(bins)": 0.06643489306786703,
        "LogLoss": 0.4306079454433818,
        "AUC": 0.5495961349998355
    },
    "AVG": {
        "RMSE(bins)": 0.08456133393342755,
        "LogLoss": 0.4257440770788218,
        "AUC": 0.5454560366023632
    },
    "user": "shisuu",
    "size": 21390
}