{
    "FSRS-4.5": {
        "RMSE(bins)": 0.16868622709091932,
        "LogLoss": 0.3367922499993627
    },
    "FSRSv4": {
        "RMSE(bins)": 0.2351548318223336,
        "LogLoss": 0.4075709233115011
    },
    "FSRSv3": {
        "RMSE(bins)": 0.16117199224771372,
        "LogLoss": 0.32827252257756023
    },
    "SM16": {
        "RMSE(bins)": 0.12029603469023295,
        "LogLoss": 0.29136565234236333
    },
    "SM17": {
        "RMSE(bins)": 0.0921815087430627,
        "LogLoss": 0.2745870664363899
    },
    "user": "VSpade7",
    "size": 375
}